years,abbreviation,yards,margin_of_victory,offensive_simple_rating_system,pass_attempts,pass_completions,pass_first_downs,pass_net_yards_per_attempt,pass_touchdowns,pass_yards,percent_drives_with_turnovers,percent_drives_with_points,plays,points_contributed_by_offense,rank,rush_attempts,rush_first_downs,rush_yards,rush_yards_per_attempt,turnovers,win_percentage,yards_per_play,first_downs
2002,KAN,6000,4.3,8.4,477,292,179,7.2,27,3622,7.9,42.7,965,145.45,1,462,140,2378,5.1,15,0.5,6.2,343
2002,RAI,6237,9.1,6.3,619,418,226,6.8,26,4475,9.4,42.7,1069,123.35,2,414,113,1762,4.3,19,0.688,5.8,366
2002,NOR,5205,2.8,5.8,538,291,169,6.0,27,3441,14.6,38.5,1001,-77.44,3,426,91,1764,4.1,30,0.563,5.2,291
2002,PHI,5604,10.9,4.5,548,318,164,5.8,27,3384,12.0,36.0,1073,-15.34,4,489,124,2220,4.5,24,0.75,5.2,311
2002,ATL,5535,5.5,3.5,479,268,163,6.1,18,3167,13.2,38.6,1038,38.4,5,523,123,2368,4.5,27,0.594,5.3,316
2002,GNB,5560,4.4,2.4,580,361,197,6.0,29,3627,14.1,34.8,1058,-6.25,6,451,94,1933,4.3,28,0.75,5.3,318
2002,DEN,6090,3.0,3.0,554,359,199,6.4,21,3824,14.9,37.6,1057,42.47,7,457,125,2266,5.0,27,0.563,5.8,357
2002,PIT,5952,2.8,3.1,551,350,200,6.6,26,3832,16.8,35.7,1097,1.38,8,512,119,2120,4.1,36,0.656,5.4,343
2002,MIN,6192,-3.3,3.1,558,337,191,6.1,19,3685,19.9,35.6,1080,66.42,9,473,139,2507,5.3,41,0.375,5.7,350
2002,NWE,5085,2.2,2.1,605,374,184,5.6,28,3577,11.9,34.6,1031,-32.13,10,395,99,1508,3.8,24,0.563,4.9,304
2002,BUF,5591,-1.1,2.1,612,377,218,6.0,24,3995,15.8,35.9,1054,8.45,11,388,90,1596,4.1,31,0.5,5.3,355
2002,MIA,5392,4.8,1.7,455,271,155,6.0,18,2890,15.7,34.6,1010,-18.71,12,530,139,2502,4.7,30,0.563,5.3,318
2002,SFO,5701,1.0,0.7,571,354,182,5.8,23,3457,9.2,37.6,1082,66.68,13,489,141,2244,4.6,17,0.625,5.3,342
2002,OTI,5272,2.7,1.6,500,306,182,6.4,22,3320,13.2,34.6,1032,9.52,14,511,112,1952,3.8,25,0.688,5.1,312
2002,NYJ,5036,1.4,0.9,485,329,190,6.6,25,3418,10.7,36.1,917,34.42,15,400,86,1618,4.0,19,0.563,5.5,300
2002,SEA,5818,-0.9,0.0,587,361,208,6.6,19,4078,15.6,33.0,1050,28.89,16,430,104,1740,4.0,28,0.438,5.5,347
2002,CLT,5616,2.3,0.4,591,392,213,6.6,27,4055,16.4,33.9,1048,-4.6,17,434,93,1561,3.6,32,0.625,5.4,324
2002,TAM,5002,9.4,-1.0,567,348,172,5.7,23,3445,10.7,32.6,1022,-43.76,18,414,90,1557,3.8,21,0.75,4.9,287
2002,CLE,5027,1.5,-0.4,552,338,171,5.8,27,3412,15.2,30.9,993,-34.95,19,406,77,1615,4.0,31,0.563,5.1,279
2002,SDG,5325,-2.1,-1.0,538,324,166,5.7,17,3188,11.0,28.3,1028,4.14,20,466,117,2137,4.6,24,0.5,5.2,313
2002,JAX,4851,0.8,-1.3,462,268,156,5.5,18,2762,7.9,31.5,959,0.42,21,455,105,2089,4.6,15,0.375,5.1,275
2002,NYG,5826,2.6,-2.2,549,338,195,6.9,19,3951,13.8,31.2,1059,3.07,22,486,95,1875,3.9,27,0.625,5.5,323
2002,RAV,4639,-2.4,-1.5,479,262,145,5.5,20,2847,15.1,27.6,947,-74.46,23,427,90,1792,4.2,32,0.438,4.9,261
2002,RAM,5559,-3.3,-1.6,635,408,219,6.1,24,4154,23.3,28.6,1024,-83.04,24,343,76,1405,4.1,45,0.438,5.4,315
2002,WAS,5143,-3.6,-2.2,559,300,165,5.5,24,3254,18.3,25.4,1039,-73.72,25,442,107,1889,4.3,40,0.438,4.9,303
2002,DET,4471,-9.1,-2.5,577,277,150,5.0,19,2994,14.8,26.0,955,-123.66,26,358,69,1477,4.1,31,0.188,4.7,242
2002,CHI,4395,-6.1,-4.4,543,310,156,5.2,22,3051,16.1,26.1,969,-162.12,27,382,79,1344,3.5,35,0.25,4.5,260
2002,CIN,5206,-11.1,-3.6,591,350,186,5.5,17,3476,16.9,24.6,1054,-71.35,28,426,105,1730,4.1,35,0.125,4.9,315
2002,CRD,4563,-9.7,-5.4,548,291,148,4.7,18,2740,18.6,22.9,1003,-107.7,29,414,94,1823,4.4,35,0.313,4.5,274
2002,CAR,4280,-2.8,-6.0,464,255,133,5.3,15,2694,17.5,19.4,960,-165.57,30,452,82,1586,3.5,40,0.438,4.5,238
2002,DAL,4375,-7.0,-8.2,471,252,129,5.0,14,2621,15.8,16.3,948,-183.74,31,423,87,1754,4.1,34,0.313,4.6,237
2002,HTX,3572,-8.9,-8.4,447,235,119,4.3,11,2225,11.9,16.9,947,-228.99,32,424,59,1347,3.2,29,0.25,3.8,208
2003,KAN,5910,9.5,9.2,536,339,201,7.1,24,3981,8.5,38.3,1003,36.78,1,446,120,1929,4.3,18,0.813,5.9,348
2003,RAM,5457,7.4,6.0,600,377,211,6.2,23,3961,16.8,41.1,1054,-159.0,2,411,97,1496,3.6,39,0.75,5.2,335
2003,CLT,5874,6.9,8.2,569,381,212,7.1,29,4179,10.2,46.3,1041,-13.96,3,453,104,1695,3.7,20,0.75,5.6,348
2003,GNB,5798,8.4,6.2,473,310,166,6.6,32,3240,15.6,38.0,999,-49.49,4,507,127,2558,5.0,32,0.625,5.8,315
2003,OTI,5501,6.9,7.0,502,315,211,7.4,30,3878,9.6,39.4,1013,-103.79,5,486,84,1623,3.3,21,0.75,5.4,310
2003,MIN,6294,3.9,4.0,520,333,194,7.0,32,3951,13.1,35.5,1055,8.32,6,493,124,2343,4.8,24,0.563,6.0,336
2003,SEA,5627,4.8,3.6,521,317,190,6.4,27,3618,13.5,36.2,1017,-37.4,7,453,121,2009,4.4,29,0.625,5.5,338
2003,RAV,4929,6.9,3.3,415,217,121,4.9,16,2255,16.6,31.8,1009,-220.5,8,552,115,2674,4.8,38,0.625,4.9,259
2003,SFO,5687,2.9,3.0,511,299,172,6.3,25,3408,12.4,35.1,1038,-56.95,9,499,118,2279,4.6,25,0.438,5.5,313
2003,DEN,5598,5.0,2.4,479,280,162,5.9,19,2969,12.0,36.6,1047,-127.67,10,543,133,2629,4.8,24,0.625,5.3,334
2003,PHI,5035,5.4,2.9,484,279,156,5.7,17,3020,10.2,34.2,944,-80.82,11,417,105,2015,4.8,22,0.75,5.3,302
2003,NWE,5039,6.9,2.1,537,320,177,6.0,23,3432,11.3,27.9,1042,-136.51,12,473,91,1607,3.4,24,0.875,4.8,294
2003,CIN,5329,-2.4,1.1,520,324,181,6.0,26,3342,11.1,33.3,1038,-78.22,13,481,101,1987,4.1,22,0.5,5.1,313
2003,NOR,5438,0.9,0.1,535,314,177,6.0,25,3438,14.5,31.2,1019,-109.71,14,448,100,2000,4.5,28,0.5,5.3,302
2003,CAR,5141,1.3,-1.5,460,270,146,6.3,19,3050,14.9,30.8,1008,-149.93,15,522,114,2091,4.0,31,0.688,5.1,284
2003,SDG,5167,-8.0,-0.6,525,297,146,5.5,21,3021,15.7,27.2,971,-126.67,16,417,117,2146,5.1,31,0.25,5.3,290
2003,MIA,4609,3.1,-0.7,450,257,145,5.8,17,2792,17.2,28.1,968,-177.92,17,487,99,1817,3.7,34,0.625,4.8,266
2003,TAM,5453,2.3,-2.9,592,369,190,6.2,27,3805,16.0,25.5,1036,-214.9,18,421,86,1648,3.9,31,0.438,5.3,307
2003,PIT,4792,-1.7,-2.5,532,306,174,5.8,19,3304,13.5,27.1,1020,-166.93,19,446,77,1488,3.3,28,0.375,4.7,275
2003,ATL,4357,-7.7,-2.0,460,230,127,4.9,14,2408,12.9,24.9,930,-190.61,20,435,99,1949,4.5,31,0.313,4.7,252
2003,DAL,5161,1.8,-3.2,510,294,149,5.8,17,3162,13.8,25.1,1062,-251.47,21,515,115,1999,3.9,29,0.625,4.9,286
2003,WAS,4659,-5.3,-1.9,527,283,156,5.3,21,3006,13.6,28.3,991,-182.25,22,421,95,1653,3.9,28,0.313,4.7,272
2003,NYJ,4951,-1.0,-1.9,496,312,181,6.3,20,3316,11.8,32.4,936,-107.89,23,409,78,1635,4.0,20,0.375,5.3,274
2003,CHI,4380,-3.9,-4.2,515,271,143,4.7,12,2617,14.5,27.4,1001,-215.02,24,443,104,1763,4.0,29,0.438,4.4,264
2003,JAX,5358,-3.4,-3.3,515,303,163,6.0,17,3285,15.8,27.3,1024,-132.3,25,481,118,2073,4.3,31,0.313,5.2,305
2003,RAI,4573,-6.8,-4.2,521,278,140,4.9,9,2751,12.2,24.3,987,-190.11,26,423,98,1822,4.3,26,0.25,4.6,258
2003,DET,4262,-6.8,-4.3,588,319,152,4.9,17,2924,13.7,23.2,975,-212.29,27,376,69,1338,3.6,28,0.313,4.4,250
2003,HTX,4306,-7.8,-4.4,439,248,127,5.6,14,2655,13.8,24.5,896,-200.45,28,421,86,1651,3.9,27,0.313,4.8,237
2003,CLE,4504,-4.3,-5.3,509,313,153,5.2,17,2834,17.2,26.7,961,-191.88,29,412,91,1670,4.1,33,0.313,4.7,276
2003,NYG,4942,-9.0,-4.8,616,344,184,5.1,16,3383,18.4,21.4,1047,-225.77,30,387,90,1559,4.0,38,0.25,4.7,300
2003,BUF,4348,-2.3,-5.0,502,293,150,4.9,11,2684,17.6,21.9,980,-230.07,31,427,96,1664,3.9,34,0.375,4.4,268
2003,CRD,4490,-14.2,-6.3,534,303,147,5.1,18,2959,18.4,22.2,981,-250.75,32,403,80,1531,3.8,36,0.25,4.6,256
2004,CLT,6475,10.7,11.7,527,353,238,8.5,51,4623,9.7,46.3,968,113.82,1,427,94,1852,4.3,17,0.75,6.7,379
2004,KAN,6695,3.0,10.0,561,370,228,7.4,27,4406,14.3,41.2,1089,66.99,2,496,138,2289,4.6,27,0.438,6.1,398
2004,SDG,5542,8.3,6.1,450,288,160,7.1,29,3357,8.9,40.8,996,-7.11,3,525,131,2185,4.2,18,0.75,5.6,328
2004,NWE,5722,11.1,6.4,485,293,193,7.0,29,3588,14.6,42.1,1035,22.2,4,524,120,2134,4.1,27,0.875,5.5,344
2004,GNB,6357,2.8,4.3,598,382,228,7.3,36,4449,15.4,37.9,1053,10.72,5,441,98,1908,4.3,29,0.625,6.0,354
2004,MIN,6339,0.6,3.0,552,380,225,7.6,39,4516,12.0,38.9,985,65.96,6,387,98,1823,4.7,21,0.5,6.4,351
2004,BUF,4691,6.9,4.6,461,262,149,5.6,21,2817,14.4,32.1,982,-194.58,7,483,102,1874,3.9,29,0.563,4.8,271
2004,PHI,5618,7.9,2.0,547,336,188,6.8,32,3979,10.9,35.9,960,-11.51,8,376,87,1639,4.4,22,0.813,5.9,301
2004,DEN,6332,4.8,1.6,521,303,184,7.5,27,3999,14.7,36.1,1070,-58.67,9,534,127,2333,4.4,29,0.625,5.9,351
2004,CIN,5140,0.1,4.3,536,324,172,5.8,23,3301,15.8,31.7,1004,-143.68,10,437,93,1839,4.2,32,0.5,5.1,286
2004,PIT,5184,7.6,3.4,358,228,147,6.9,20,2720,11.7,35.8,1012,-95.61,11,618,134,2464,4.0,21,0.938,5.1,309
2004,SEA,5634,-0.1,0.4,532,304,189,6.3,23,3539,14.0,32.6,1034,-65.26,12,468,110,2095,4.5,27,0.563,5.4,320
2004,CAR,5225,1.0,-0.8,536,311,192,6.4,29,3643,12.6,32.4,991,-80.29,13,422,85,1582,3.7,26,0.438,5.3,308
2004,NOR,5193,-3.6,-1.2,542,309,177,6.2,21,3587,13.0,30.1,989,-174.82,14,406,82,1606,4.0,26,0.5,5.3,291
2004,OTI,5487,-5.9,0.3,589,356,200,5.7,27,3616,15.0,29.0,1053,-108.2,15,420,85,1871,4.5,31,0.313,5.2,308
2004,ATL,5084,0.2,-1.8,395,217,120,5.4,15,2412,15.8,28.8,969,-108.92,16,524,133,2672,5.1,30,0.688,5.2,284
2004,NYJ,5438,4.5,0.5,438,282,163,6.5,19,3050,8.6,33.3,996,-51.69,17,527,135,2388,4.5,16,0.625,5.5,313
2004,RAI,5153,-7.6,-0.6,582,330,176,6.3,24,3858,17.4,32.1,939,-132.26,18,327,75,1295,4.0,35,0.313,5.5,275
2004,RAM,5877,-4.6,-2.2,580,372,203,6.8,23,4253,20.6,30.3,1011,-93.92,19,381,96,1624,4.3,39,0.5,5.8,321
2004,RAV,4375,3.1,-0.6,465,258,135,4.6,13,2312,10.9,27.6,991,-199.99,20,491,103,2063,4.2,23,0.563,4.4,260
2004,HTX,5128,-1.9,-2.4,471,286,174,6.2,16,3246,13.6,27.7,1001,-97.09,21,481,103,1882,3.9,25,0.438,5.1,300
2004,NYG,4722,-2.8,-2.3,475,269,143,5.3,12,2818,12.1,28.6,951,-211.66,22,424,105,1904,4.5,24,0.375,5.0,281
2004,TAM,4963,-0.2,-4.0,512,340,175,6.2,24,3474,18.6,24.7,949,-201.99,23,393,74,1489,3.8,36,0.313,5.2,271
2004,DET,4693,-3.4,-3.8,505,285,142,5.4,19,2916,10.1,26.6,949,-132.39,24,407,92,1777,4.4,20,0.375,4.9,263
2004,DAL,5197,-7.0,-3.0,519,308,171,6.2,19,3428,19.3,28.3,1004,-152.34,25,449,101,1769,3.9,37,0.375,5.2,296
2004,CRD,4550,-2.4,-5.1,533,299,152,5.0,14,2882,13.5,25.5,1047,-202.74,26,475,86,1668,3.5,29,0.375,4.3,280
2004,CLE,4481,-7.1,-1.5,439,251,125,5.9,21,2824,18.2,25.8,921,-244.59,27,441,94,1657,3.8,40,0.25,4.9,245
2004,MIA,4404,-4.9,-2.7,586,309,165,4.8,19,3065,18.6,22.9,1022,-258.56,28,384,71,1339,3.5,42,0.25,4.3,267
2004,JAX,5009,-1.2,-5.7,513,305,161,5.8,17,3159,11.8,28.1,991,-135.64,29,446,88,1850,4.1,22,0.563,5.1,279
2004,SFO,4585,-12.1,-5.1,561,325,172,5.1,16,3136,20.0,22.0,1026,-234.6,30,413,83,1449,3.5,40,0.125,4.5,280
2004,WAS,4397,-1.6,-7.4,514,288,156,4.8,18,2632,13.1,21.7,1023,-213.72,31,471,91,1765,3.7,27,0.375,4.3,269
2004,CHI,3816,-6.3,-8.5,471,249,121,4.1,9,2192,16.4,16.4,967,-332.82,32,430,84,1624,3.8,37,0.313,3.9,230
2005,SEA,5915,11.3,5.8,474,307,192,6.9,25,3458,8.1,38.9,1020,48.65,1,519,142,2457,4.7,17,0.813,5.8,361
2005,CLT,5799,12.0,5.6,515,347,217,7.7,31,4096,9.1,43.6,1000,77.86,2,465,116,1703,3.7,19,0.875,5.8,363
2005,NYG,5787,6.8,5.8,558,294,172,6.1,24,3578,11.4,37.8,1055,-92.84,3,469,106,2209,4.7,25,0.688,5.5,312
2005,CIN,5730,4.4,6.5,538,362,203,6.8,32,3820,11.2,41.9,1018,-62.24,4,459,109,1910,4.2,20,0.688,5.6,342
2005,SDG,5567,6.6,7.1,526,338,191,6.3,27,3495,13.5,39.3,1022,-38.32,5,465,116,2072,4.5,28,0.563,5.4,337
2005,KAN,6192,4.9,5.1,507,317,182,7.1,17,3810,11.5,38.3,1059,-15.0,6,520,138,2382,4.6,23,0.625,5.8,347
2005,DEN,5766,8.6,5.0,465,279,162,6.6,18,3227,8.1,36.0,1030,-52.48,7,542,145,2539,4.7,16,0.813,5.6,330
2005,CAR,4950,8.3,3.0,449,269,157,6.9,25,3271,12.6,35.8,964,-104.34,8,487,82,1679,3.4,26,0.688,5.1,278
2005,PIT,5149,8.2,3.8,379,228,144,7.1,21,2926,10.9,36.1,960,-59.51,9,549,120,2223,4.0,23,0.688,5.4,297
2005,NWE,5632,2.6,3.7,564,352,204,7.0,28,4120,13.0,34.8,1031,-89.97,10,439,101,1512,3.4,24,0.625,5.5,334
2005,RAM,5571,-4.1,1.3,599,392,209,6.3,23,4036,18.5,32.3,1025,-103.69,11,380,82,1535,4.0,37,0.375,5.4,314
2005,JAX,5149,5.8,1.1,487,283,170,6.1,21,3190,8.3,32.1,1021,-117.95,12,502,97,1959,3.9,17,0.75,5.0,301
2005,WAS,5289,4.1,2.6,481,278,166,6.1,25,3106,13.0,29.7,1037,-118.86,13,525,114,2183,4.2,27,0.625,5.1,301
2005,ATL,5225,0.6,1.1,451,247,149,5.5,19,2679,13.2,31.6,1021,-80.52,14,531,139,2546,4.8,29,0.5,5.1,313
2005,DAL,5202,1.1,-0.1,500,300,177,6.1,23,3341,15.5,28.9,1071,-158.41,15,521,97,1861,3.6,31,0.563,4.9,318
2005,MIA,5198,0.1,-1.1,556,291,159,5.7,22,3300,14.4,28.7,1026,-163.29,16,444,93,1898,4.3,30,0.563,5.1,274
2005,CRD,5575,-4.8,-2.0,670,419,224,6.2,21,4437,18.0,34.0,1075,-175.55,17,360,58,1138,3.2,37,0.313,5.2,304
2005,PHI,5109,-4.9,-0.7,620,337,182,5.6,21,3677,14.7,24.8,1027,-175.2,18,365,73,1432,3.9,34,0.375,5.0,282
2005,MIN,4613,-2.4,-1.4,510,323,169,5.6,18,3146,14.2,27.9,945,-177.98,19,381,83,1467,3.9,30,0.563,4.9,285
2005,TAM,4716,1.6,-2.8,487,303,161,5.5,17,2890,11.6,27.4,985,-198.56,20,457,83,1826,4.0,23,0.688,4.8,268
2005,OTI,5122,-7.6,-2.0,594,358,191,5.8,20,3597,13.5,26.4,1022,-242.78,21,397,72,1525,3.8,26,0.25,5.0,279
2005,GNB,5118,-2.9,-1.5,626,383,206,5.8,20,3766,22.2,27.0,1051,-157.53,22,398,76,1352,3.4,45,0.25,4.9,318
2005,RAI,4951,-5.8,-1.2,591,316,189,5.6,21,3582,11.5,28.4,997,-147.25,23,361,80,1369,3.8,23,0.25,5.0,294
2005,BUF,4122,-6.0,-4.0,459,269,129,5.0,18,2515,14.1,29.9,930,-230.91,24,428,96,1607,3.8,26,0.313,4.4,259
2005,RAV,4693,-2.1,-3.5,562,335,163,5.1,17,3088,18.3,27.2,1056,-237.85,25,452,97,1605,3.6,36,0.375,4.4,286
2005,HTX,4053,-10.7,-4.4,449,270,142,4.3,15,2237,12.7,28.9,954,-206.24,26,437,89,1816,4.2,24,0.125,4.2,243
2005,CHI,4101,3.6,-5.2,418,219,111,4.5,11,2002,12.8,22.6,937,-257.69,27,488,99,2099,4.3,28,0.688,4.4,233
2005,DET,4319,-5.7,-4.3,520,297,151,5.2,15,2848,15.6,24.6,955,-187.33,28,404,69,1471,3.6,30,0.313,4.5,258
2005,NYJ,3970,-7.2,-5.2,470,268,146,5.1,11,2642,16.7,25.6,907,-185.24,29,384,74,1328,3.5,34,0.25,4.4,251
2005,SFO,3587,-11.8,-5.6,389,204,96,4.3,8,1898,16.3,21.9,865,-278.06,30,428,70,1689,3.9,35,0.25,4.1,191
2005,NOR,5031,-10.2,-6.2,553,308,182,5.6,15,3343,20.3,26.4,1017,-199.14,31,423,89,1688,4.0,43,0.188,4.9,312
2005,CLE,4550,-4.3,-6.0,497,297,149,5.6,15,3047,16.9,25.8,938,-234.39,32,395,76,1503,3.8,30,0.375,4.9,241
2006,SDG,5840,11.8,10.0,466,287,169,6.6,24,3262,6.8,43.2,1016,-0.85,1,522,137,2578,4.9,15,0.875,5.7,321
2006,CHI,5199,10.8,4.9,514,282,161,6.1,24,3281,15.9,34.8,1042,-133.82,2,503,103,1918,3.8,36,0.813,5.0,300
2006,CLT,6070,4.2,6.9,557,362,241,7.5,31,4308,10.9,47.4,1011,26.73,3,439,112,1762,4.0,19,0.75,6.0,376
2006,DAL,5772,4.7,5.0,506,310,197,7.1,26,3836,15.3,38.1,1015,-35.15,4,472,107,1936,4.1,30,0.563,5.7,336
2006,NOR,6264,5.7,4.9,580,372,207,7.5,27,4503,12.1,36.8,1075,-100.41,5,472,99,1761,3.7,23,0.625,5.8,330
2006,PHI,6103,4.4,3.2,544,323,189,7.2,31,4119,11.5,33.9,988,-32.03,6,416,106,1984,4.8,24,0.625,6.2,312
2006,NWE,5369,9.3,4.3,527,326,181,6.1,25,3400,13.8,34.4,1055,-76.38,7,499,121,1969,3.9,27,0.75,5.1,330
2006,CIN,5462,2.6,4.0,523,327,200,6.9,28,3833,12.2,35.6,994,-89.47,8,435,88,1629,3.7,24,0.5,5.5,313
2006,JAX,5423,6.1,2.6,446,266,147,6.1,17,2882,11.2,35.1,989,-80.6,9,513,127,2541,5.0,23,0.5,5.5,293
2006,RAM,5767,-0.9,0.8,592,371,212,6.2,24,3962,8.7,37.7,1065,-53.93,10,424,94,1805,4.3,18,0.5,5.4,332
2006,NYG,5214,-0.4,1.2,523,301,163,5.6,24,3058,13.7,32.6,1003,-108.77,11,455,120,2156,4.7,28,0.5,5.2,304
2006,RAV,5072,9.5,1.5,524,328,179,6.3,21,3435,11.5,31.3,1017,-170.15,12,476,86,1637,3.4,23,0.813,5.0,282
2006,PIT,5725,2.4,3.0,523,312,201,6.5,23,3733,18.1,31.4,1041,-76.32,13,469,100,1992,4.2,37,0.5,5.5,327
2006,SEA,4977,-0.4,-1.7,512,292,167,5.4,26,3054,17.3,29.9,1045,-202.3,14,484,112,1923,4.0,34,0.563,4.8,312
2006,KAN,5143,1.0,0.4,450,272,184,6.1,18,3000,12.6,32.4,1004,-88.56,15,513,105,2143,4.2,26,0.563,5.1,310
2006,OTI,4810,-4.8,1.0,447,226,133,5.5,13,2596,13.9,26.7,945,-168.4,16,469,105,2214,4.7,26,0.5,5.1,261
2006,DEN,4951,0.9,-0.8,454,256,151,5.8,20,2799,14.6,30.7,973,-139.19,17,488,106,2152,4.4,30,0.563,5.1,285
2006,NYJ,4891,1.3,0.4,488,313,161,6.0,17,3153,13.6,31.8,1013,-133.92,18,491,99,1738,3.5,25,0.625,4.8,289
2006,CRD,5000,-4.7,-2.6,545,322,187,6.3,17,3662,15.3,32.2,999,-95.61,19,419,84,1338,3.2,30,0.313,5.0,298
2006,WAS,5243,-4.3,-2.1,470,274,150,6.2,19,3027,9.5,30.2,979,-66.51,20,490,123,2216,4.5,17,0.313,5.4,295
2006,DET,4949,-5.8,-1.8,596,372,208,5.8,21,3820,21.1,31.9,963,-187.39,21,304,53,1129,3.7,39,0.188,5.1,290
2006,GNB,5458,-4.1,-2.3,630,350,185,5.8,18,3795,16.1,26.6,1085,-185.35,22,431,93,1663,3.9,33,0.5,5.0,301
2006,BUF,4271,-0.7,-0.2,431,268,132,5.7,19,2719,15.1,27.4,898,-160.68,23,420,82,1552,3.7,29,0.438,4.8,234
2006,SFO,4857,-7.1,-3.5,444,257,132,5.6,16,2685,15.3,30.2,918,-179.97,24,438,97,2172,5.0,32,0.438,5.3,243
2006,ATL,5310,-2.3,-2.8,416,222,133,5.1,21,2371,10.9,28.8,1000,-100.14,25,537,134,2939,5.5,20,0.438,5.3,287
2006,MIN,4943,-2.8,-3.7,540,332,160,5.4,13,3123,15.7,23.9,1025,-203.52,26,442,87,1820,4.1,32,0.375,4.8,272
2006,CAR,4923,-2.2,-4.2,539,325,158,5.7,19,3264,12.7,25.4,994,-128.23,27,423,100,1659,3.9,27,0.5,5.0,278
2006,HTX,4463,-6.2,-3.2,481,329,156,5.3,14,2778,13.6,27.2,955,-127.87,28,431,106,1685,3.9,25,0.375,4.7,282
2006,MIA,4960,-1.4,-3.3,591,342,180,5.2,16,3287,12.6,25.8,1034,-183.26,29,402,82,1673,4.2,25,0.375,4.8,281
2006,CLE,4233,-7.4,-4.5,512,318,153,5.1,15,2898,21.3,22.9,938,-306.41,30,372,72,1335,3.6,42,0.25,4.5,250
2006,TAM,4321,-8.9,-7.2,535,296,133,4.9,14,2798,16.3,19.5,972,-287.73,31,404,82,1523,3.8,32,0.25,4.4,237
2006,RAI,3939,-10.3,-10.3,483,263,144,4.4,7,2420,25.0,16.7,949,-358.27,32,394,73,1519,3.9,46,0.125,4.2,243
2007,NWE,6580,19.7,15.9,586,403,243,7.8,50,4731,7.8,52.7,1058,133.73,1,451,124,1849,4.1,15,1.0,6.2,393
2007,DAL,5851,8.1,7.8,531,342,217,7.4,36,4105,12.6,41.8,975,19.43,2,419,83,1746,4.2,24,0.813,6.0,322
2007,CLT,5739,11.8,6.6,551,355,212,7.0,32,4033,11.4,44.6,1020,52.46,3,446,119,1706,3.8,19,0.813,5.6,357
2007,GNB,5931,9.0,5.7,578,383,210,7.3,30,4334,12.1,38.9,985,-41.4,4,388,69,1597,4.1,24,0.813,6.0,307
2007,SDG,5044,8.0,4.3,471,281,158,6.1,22,3005,12.6,34.0,980,-114.6,5,485,104,2039,4.2,24,0.688,5.1,278
2007,JAX,5719,6.7,4.8,469,288,180,6.7,28,3328,10.1,39.6,1022,-1.73,6,522,127,2391,4.6,21,0.688,5.6,328
2007,CRD,5505,0.3,1.9,590,356,210,6.6,32,4065,18.3,32.0,1016,-176.41,7,402,70,1440,3.6,36,0.5,5.4,308
2007,CLE,5621,1.3,2.2,545,305,192,6.6,29,3726,14.6,35.4,1004,-120.58,8,440,110,1895,4.3,29,0.625,5.6,315
2007,PIT,5239,7.8,0.9,442,282,179,6.3,34,3071,11.4,37.7,1000,-18.96,9,511,108,2168,4.2,22,0.625,5.2,298
2007,SEA,5583,6.4,0.8,590,371,211,6.3,30,3964,11.4,33.2,1056,-107.06,10,430,93,1619,3.8,24,0.625,5.3,323
2007,CIN,5568,-0.3,1.6,575,373,213,6.8,26,4012,15.3,37.9,1008,-57.26,11,416,81,1556,3.7,30,0.438,5.5,320
2007,HTX,5337,-0.3,2.5,529,346,190,6.8,24,3751,20.9,35.5,968,-86.53,12,417,96,1586,3.8,38,0.5,5.5,295
2007,NOR,5780,-0.6,1.9,652,440,232,6.5,28,4314,16.1,31.7,1060,-50.3,13,392,94,1466,3.7,30,0.438,5.5,346
2007,NYG,5302,1.4,2.8,544,302,167,5.5,23,3154,17.5,32.3,1041,-163.79,14,469,119,2148,4.6,34,0.625,5.1,321
2007,MIN,5379,3.4,1.4,432,249,139,5.8,12,2745,15.3,28.4,964,-52.29,15,494,131,2634,5.3,30,0.5,5.6,294
2007,DET,5166,-6.1,1.4,587,368,203,6.0,19,3878,18.5,32.3,965,-124.39,16,324,73,1288,4.0,36,0.438,5.4,303
2007,PHI,5729,2.3,0.1,577,350,186,6.0,24,3755,13.2,34.1,1047,-37.49,17,421,118,1974,4.7,27,0.5,5.5,323
2007,WAS,5334,1.5,0.2,525,319,192,6.3,18,3463,15.0,32.1,1052,-198.87,18,498,103,1871,3.8,29,0.563,5.1,307
2007,TAM,5229,4.0,-2.3,490,316,162,6.4,18,3357,9.7,33.0,975,-156.35,19,449,98,1872,4.2,20,0.563,5.4,281
2007,CHI,4692,-0.9,-0.2,569,327,168,5.5,18,3362,15.1,27.8,1035,-194.23,20,423,74,1330,3.1,34,0.438,4.5,266
2007,DEN,5541,-5.6,-0.2,515,326,187,6.6,21,3584,14.7,32.8,976,-72.86,21,429,96,1957,4.6,29,0.438,5.7,305
2007,OTI,4987,0.3,-2.9,464,288,171,5.8,9,2878,16.9,32.3,1037,-172.57,22,543,118,2109,3.9,34,0.625,4.8,306
2007,RAI,4717,-7.2,-3.5,451,260,133,5.3,17,2631,17.3,26.7,1000,-187.89,23,508,111,2086,4.1,37,0.25,4.7,267
2007,RAV,4832,-6.8,-5.0,557,341,175,5.1,13,3035,18.3,27.4,1042,-231.17,24,446,96,1797,4.0,40,0.313,4.6,291
2007,NYJ,4715,-5.4,-4.0,512,310,173,5.3,15,3014,14.0,29.2,1011,-172.29,25,446,92,1701,3.8,25,0.25,4.7,286
2007,MIA,4600,-10.6,-4.1,558,318,162,5.1,12,3031,16.0,26.9,989,-153.67,26,389,107,1569,4.0,29,0.063,4.7,283
2007,CAR,4559,-5.0,-5.7,505,285,142,5.1,19,2735,13.8,26.5,989,-173.41,27,451,85,1824,4.0,29,0.438,4.6,255
2007,RAM,4760,-10.9,-6.5,574,333,193,5.2,19,3233,18.7,24.9,1026,-194.74,28,404,65,1527,3.8,37,0.188,4.6,281
2007,ATL,4813,-9.7,-5.8,555,336,161,5.5,18,3293,12.4,26.3,987,-199.45,29,385,73,1520,3.9,24,0.25,4.9,248
2007,BUF,4434,-6.4,-5.6,445,263,141,5.6,12,2634,11.9,24.9,919,-172.71,30,448,91,1800,4.0,21,0.438,4.8,248
2007,KAN,4429,-6.8,-7.4,563,335,171,5.1,17,3181,15.5,21.6,1001,-191.37,31,383,66,1248,3.3,33,0.25,4.4,255
2007,SFO,3797,-9.1,-9.9,513,274,140,4.1,15,2320,15.8,19.7,925,-316.28,32,357,65,1477,4.1,34,0.313,4.1,218
2008,NOR,6571,4.4,6.8,636,413,232,7.7,34,4977,14.0,42.7,1047,51.85,1,398,103,1594,4.0,26,0.5,6.3,354
2008,SDG,5584,5.8,5.0,478,312,191,7.7,34,3858,10.6,43.5,924,37.86,2,421,92,1726,4.1,20,0.5,6.0,301
2008,NYG,5695,8.3,5.5,491,298,176,6.1,23,3177,7.3,43.8,1021,-47.01,3,502,130,2518,5.0,13,0.75,5.6,338
2008,CRD,5852,0.1,4.1,630,418,231,7.1,31,4674,15.7,39.3,998,-42.91,4,340,72,1178,3.5,30,0.563,5.9,328
2008,GNB,5618,2.4,4.1,541,343,182,6.6,28,3813,11.2,36.9,1012,-12.53,5,437,99,1805,4.1,21,0.375,5.6,299
2008,PHI,5608,7.9,4.7,606,362,204,6.2,23,3911,11.5,35.5,1056,-106.76,6,427,94,1697,4.0,26,0.594,5.3,318
2008,CAR,5595,5.3,2.8,414,246,152,7.3,15,3158,9.9,38.0,938,-47.15,7,504,118,2437,4.8,19,0.75,6.0,287
2008,NWE,5847,6.3,2.3,534,339,186,6.1,21,3569,11.5,44.8,1095,-13.1,8,513,145,2278,4.4,21,0.688,5.3,356
2008,NYJ,5307,3.1,2.2,529,347,186,5.9,22,3303,16.9,37.3,981,-71.83,9,422,94,2004,4.7,31,0.563,5.4,308
2008,ATL,5779,4.1,1.3,434,265,157,7.4,16,3336,10.3,39.7,1011,-18.27,10,560,131,2443,4.4,21,0.688,5.7,313
2008,RAV,5184,8.8,4.2,433,261,147,6.0,16,2808,10.8,33.0,1058,-196.15,11,592,132,2376,4.0,21,0.688,4.9,300
2008,MIN,5288,2.9,1.1,452,267,150,6.0,22,2956,14.7,34.7,1014,-102.8,12,519,119,2332,4.5,31,0.625,5.2,292
2008,CLT,5368,4.9,2.6,585,393,220,6.8,27,4094,10.0,40.7,969,13.94,13,370,80,1274,3.4,17,0.75,5.5,321
2008,CHI,4734,1.6,1.1,528,304,153,5.5,20,3061,11.3,30.5,991,-165.89,14,434,98,1673,3.9,27,0.563,4.8,264
2008,OTI,5018,8.8,1.5,453,265,143,6.1,13,2819,8.9,34.6,973,-76.91,15,508,108,2199,4.3,17,0.813,5.2,268
2008,DEN,6333,-4.9,0.7,620,386,223,7.1,25,4471,17.4,38.9,1019,40.33,16,387,103,1862,4.8,30,0.5,6.2,354
2008,HTX,6113,-1.8,2.8,555,367,210,7.3,21,4267,17.3,38.2,1019,-76.35,17,432,106,1846,4.3,32,0.5,6.0,340
2008,DAL,5512,-0.2,1.7,547,328,171,6.6,29,3789,16.3,32.1,979,-88.66,18,401,102,1723,4.3,33,0.563,5.6,291
2008,TAM,5456,2.4,-0.6,562,355,184,6.1,18,3619,12.7,33.3,1045,-192.43,19,451,100,1837,4.1,26,0.563,5.2,298
2008,PIT,4991,7.8,1.6,506,303,179,5.9,19,3301,12.6,32.6,1015,-199.86,20,460,93,1690,3.7,25,0.75,4.9,290
2008,MIA,5529,1.8,-2.4,491,330,184,7.0,20,3632,6.9,33.9,965,-94.02,21,448,111,1897,4.2,13,0.688,5.7,308
2008,SFO,4978,-2.6,-2.9,509,309,176,6.0,21,3379,18.4,33.0,961,-133.8,22,397,83,1599,4.0,35,0.438,5.2,287
2008,BUF,4882,-0.4,-2.8,479,309,167,5.9,14,3040,16.5,34.1,956,-177.66,23,439,107,1842,4.2,30,0.438,5.1,287
2008,JAX,5106,-4.1,-2.1,537,335,183,5.8,15,3332,12.8,29.7,1005,-75.31,24,426,107,1774,4.2,24,0.313,5.1,312
2008,SEA,4385,-6.1,-4.9,474,262,142,5.1,18,2617,13.6,29.5,927,-125.55,25,417,104,1768,4.2,27,0.25,4.7,265
2008,KAN,4939,-9.3,-3.9,541,310,161,5.4,23,3129,12.4,27.0,957,-123.89,26,379,94,1810,4.8,24,0.125,5.2,273
2008,DET,4292,-15.6,-4.0,509,281,143,5.3,18,2960,15.0,26.2,913,-180.57,27,352,70,1332,3.8,29,0.0,4.7,234
2008,WAS,5120,-1.9,-5.8,510,318,165,5.5,14,3025,9.6,29.2,1026,-173.59,28,478,109,2095,4.4,18,0.5,5.0,295
2008,RAI,4356,-7.8,-6.5,421,222,123,5.2,13,2369,11.8,24.6,919,-231.49,29,459,87,1987,4.3,23,0.313,4.7,225
2008,RAM,4596,-14.6,-8.1,520,292,140,5.2,11,2947,16.3,26.3,982,-238.05,30,417,95,1649,4.0,31,0.125,4.7,249
2008,CLE,3985,-7.4,-5.2,488,238,127,4.6,11,2380,14.5,27.3,921,-217.96,31,409,84,1605,3.9,26,0.25,4.3,233
2008,CIN,3926,-10.0,-6.9,513,303,145,4.3,11,2406,13.4,21.0,984,-273.1,32,420,80,1520,3.6,26,0.281,4.0,245
2009,NOR,6461,10.6,11.2,544,378,215,7.7,34,4355,13.5,41.6,1032,60.76,1,468,115,2106,4.5,28,0.813,6.3,348
2009,MIN,6074,9.9,6.6,553,377,220,7.1,34,4156,9.0,42.0,1054,7.01,2,467,99,1918,4.1,18,0.75,5.8,343
2009,GNB,6065,10.3,6.3,553,357,201,6.9,30,4180,7.9,40.3,1042,72.34,3,438,102,1885,4.3,16,0.688,5.8,335
2009,SDG,5761,8.4,6.4,519,338,222,8.0,29,4338,9.4,45.9,972,-11.67,4,427,80,1423,3.3,17,0.813,5.9,330
2009,PHI,5726,5.8,5.8,553,335,182,6.9,27,4089,10.4,38.0,975,-49.4,5,384,87,1637,4.3,23,0.688,5.9,290
2009,NWE,6357,8.9,6.7,592,390,222,7.3,28,4436,12.4,41.0,1076,22.9,6,466,114,1921,4.1,22,0.625,5.9,373
2009,CLT,5809,6.8,4.4,601,402,241,7.4,34,4515,13.2,37.9,980,43.68,7,366,69,1294,3.5,24,0.875,5.9,339
2009,NYG,5856,-1.6,4.6,542,338,194,7.0,28,4019,15.3,37.7,1017,-34.71,8,443,103,1837,4.1,31,0.5,5.8,323
2009,RAV,5619,8.1,2.6,510,321,187,6.3,21,3419,10.9,35.0,1014,-66.23,9,468,115,2200,4.7,22,0.563,5.5,320
2009,HTX,6129,3.4,2.7,593,399,231,7.5,29,4654,15.0,33.7,1043,-28.67,10,425,93,1475,3.5,28,0.563,5.9,340
2009,CRD,5510,3.1,0.1,594,392,215,6.5,27,4016,17.1,30.7,985,-116.0,11,365,77,1494,4.1,36,0.625,5.6,317
2009,PIT,5941,2.8,1.0,536,351,210,7.1,28,4148,12.6,35.5,1014,-69.44,12,428,96,1793,4.2,25,0.563,5.9,331
2009,ATL,5447,2.4,2.7,570,332,192,6.0,26,3571,13.5,35.3,1048,-77.35,13,451,105,1876,4.2,25,0.563,5.2,330
2009,DAL,6390,6.9,0.4,550,347,203,7.3,26,4287,9.5,33.5,1020,-32.87,14,436,110,2103,4.8,19,0.688,6.3,335
2009,MIA,5401,-1.9,2.9,545,331,188,5.5,15,3170,15.5,34.3,1088,-80.15,15,509,129,2231,4.4,29,0.438,5.0,333
2009,OTI,5623,-3.0,0.9,476,271,154,6.2,16,3031,15.0,33.2,990,-113.09,16,499,115,2592,5.2,31,0.5,5.7,288
2009,NYJ,5136,7.0,1.1,393,210,131,5.6,12,2380,15.2,31.8,1030,-176.01,17,607,132,2756,4.5,30,0.563,5.0,280
2009,SFO,4652,3.1,-2.9,528,312,137,5.4,23,3052,10.2,27.6,939,-137.18,18,371,77,1600,4.3,24,0.5,5.0,238
2009,CHI,4965,-3.0,-1.9,563,340,170,5.8,27,3473,16.6,29.5,971,-206.86,19,373,71,1492,4.0,34,0.438,5.1,262
2009,DEN,5463,0.1,-1.0,558,341,186,6.1,21,3627,11.6,31.7,1032,-111.32,20,440,95,1836,4.2,23,0.5,5.3,306
2009,CAR,5297,0.4,-0.6,465,264,152,5.6,16,2799,15.0,29.0,1023,-123.58,21,525,123,2498,4.8,31,0.5,5.2,289
2009,CIN,4946,0.9,-2.5,477,286,159,5.7,21,2890,13.0,29.9,1011,-130.3,22,505,109,2056,4.1,25,0.625,4.9,295
2009,KAN,4851,-8.1,-2.5,536,296,139,5.0,18,2922,12.4,25.2,1019,-192.81,23,438,91,1929,4.4,27,0.25,4.8,256
2009,JAX,5385,-5.6,-3.8,519,315,170,6.0,15,3356,12.5,29.5,1010,-95.89,24,447,114,2029,4.5,23,0.438,5.3,300
2009,SEA,5069,-6.9,-5.0,609,372,184,5.4,20,3503,15.5,26.3,1045,-169.53,25,395,80,1566,4.0,31,0.313,4.9,297
2009,WAS,5000,-4.4,-5.5,533,340,191,6.0,21,3490,13.4,29.7,970,-155.59,26,391,72,1510,3.9,28,0.25,5.2,280
2009,DET,4784,-14.5,-5.2,585,316,168,5.0,16,3168,20.1,23.7,1037,-196.67,27,409,82,1616,4.0,41,0.125,4.6,281
2009,BUF,4382,-4.3,-4.5,441,256,126,5.2,17,2515,13.8,27.1,911,-206.59,28,424,81,1867,4.4,30,0.375,4.8,233
2009,CLE,4163,-8.1,-6.0,443,219,118,4.4,11,2076,16.4,23.3,971,-207.34,29,498,102,2087,4.2,31,0.313,4.3,237
2009,TAM,4600,-9.8,-4.6,524,279,148,5.3,18,2973,17.5,20.1,961,-226.98,30,404,80,1627,4.0,34,0.188,4.8,246
2009,RAI,4258,-11.4,-8.7,485,255,131,4.8,10,2557,16.5,22.2,944,-296.58,31,410,81,1701,4.1,33,0.313,4.5,234
2009,RAM,4470,-16.3,-11.7,543,312,159,4.6,12,2686,16.6,19.3,998,-246.26,32,411,79,1784,4.3,33,0.063,4.5,259
2010,NWE,5820,12.8,12.6,507,331,196,7.2,37,3847,5.4,47.0,986,73.64,1,454,119,1973,4.3,10,0.875,5.9,335
2010,SDG,6329,7.4,3.2,544,359,236,7.8,30,4519,14.5,40.3,1039,27.47,2,457,94,1810,4.0,29,0.563,6.1,357
2010,PHI,6230,3.9,5.4,561,348,189,6.4,28,3906,11.7,39.8,1038,-11.0,3,428,116,2324,5.4,25,0.625,6.0,322
2010,CLT,6092,2.9,3.7,679,450,253,6.6,33,4609,13.4,40.2,1088,28.65,4,393,87,1483,3.8,25,0.625,5.6,366
2010,ATL,5458,7.9,3.8,577,361,200,5.9,28,3567,9.0,39.3,1097,-39.55,5,497,111,1891,3.8,17,0.813,5.0,353
2010,RAI,5674,2.4,2.3,491,279,159,5.9,18,3180,11.8,34.5,1039,-110.8,6,504,113,2494,4.9,26,0.5,5.5,306
2010,DAL,5828,-2.6,2.5,576,379,201,6.7,29,4042,14.8,34.6,1035,-108.16,7,428,104,1786,4.2,30,0.375,5.6,327
2010,NYG,6085,2.9,1.7,539,339,192,7.0,31,3885,20.3,32.4,1035,-49.21,8,480,112,2200,4.6,42,0.625,5.9,331
2010,HTX,6186,-2.3,1.8,574,365,222,6.8,24,4144,10.1,39.7,1029,53.17,9,423,118,2042,4.8,18,0.375,6.0,360
2010,GNB,5730,9.3,3.1,541,352,204,7.1,31,4124,10.9,35.0,1000,-45.71,10,421,88,1606,3.8,22,0.625,5.7,312
2010,NOR,5960,4.8,1.5,661,450,236,6.5,33,4441,16.7,38.5,1067,-53.15,11,380,94,1519,4.0,31,0.688,5.6,351
2010,PIT,5525,8.9,2.5,479,298,175,6.9,22,3601,9.5,36.9,993,-133.72,12,471,106,1924,4.1,18,0.75,5.6,295
2010,NYJ,5616,3.9,2.2,525,288,171,5.9,20,3242,10.6,32.2,1087,-122.93,13,534,118,2374,4.4,21,0.688,5.2,307
2010,KAN,5595,2.5,-1.5,475,274,167,5.9,27,2968,6.8,31.3,1063,-93.85,14,556,129,2627,4.7,14,0.625,5.3,319
2010,DET,5423,-0.4,2.4,633,383,199,5.8,26,3810,12.4,32.1,1064,-105.43,15,404,83,1613,4.0,25,0.375,5.1,304
2010,RAV,5166,5.4,0.9,491,308,175,6.3,25,3335,9.5,32.8,1018,-79.88,16,487,97,1831,3.8,20,0.75,5.1,303
2010,OTI,4834,1.1,-0.9,474,273,155,6.2,24,3107,14.7,33.2,907,-71.69,17,406,73,1727,4.3,29,0.375,5.3,252
2010,JAX,5460,-4.1,-1.2,469,291,161,6.0,26,3065,16.9,35.0,1019,-35.27,18,512,148,2395,4.7,33,0.5,5.4,330
2010,DEN,5582,-7.9,-1.1,580,334,204,6.5,25,4038,11.7,30.6,1018,-125.44,19,398,81,1544,3.9,27,0.25,5.5,309
2010,TAM,5362,1.4,-1.0,494,306,172,6.4,26,3361,9.3,33.7,955,-94.23,20,431,97,2001,4.6,19,0.625,5.6,288
2010,CHI,4631,3.0,-0.6,466,276,163,5.8,23,3015,15.7,29.3,936,-227.26,21,414,76,1616,3.9,31,0.688,4.9,263
2010,CIN,5289,-4.6,0.4,590,365,206,6.1,26,3767,16.3,30.5,1046,-148.58,22,428,85,1522,3.6,34,0.25,5.1,317
2010,SEA,4765,-6.1,-3.9,544,324,159,5.8,14,3341,14.8,26.5,964,-197.05,23,385,81,1424,3.7,31,0.438,4.9,260
2010,SFO,5013,-2.6,-4.7,500,282,149,6.2,19,3356,11.1,26.8,945,-95.38,24,401,85,1657,4.1,23,0.375,5.3,251
2010,WAS,5392,-4.7,-3.4,605,349,194,6.0,21,3931,14.6,26.3,1002,-134.87,25,351,72,1461,4.2,31,0.375,5.4,295
2010,RAM,4846,-2.4,-6.3,590,354,179,5.2,18,3268,9.5,30.2,1053,-203.89,26,429,84,1578,3.7,21,0.438,4.6,292
2010,CRD,4309,-9.1,-5.6,561,285,154,4.8,10,2921,15.8,23.7,931,-215.39,27,320,67,1388,4.3,35,0.313,4.6,241
2010,BUF,4878,-8.9,-1.5,519,296,166,5.7,24,3158,19.2,25.3,954,-174.07,28,401,82,1720,4.3,39,0.25,5.1,263
2010,MIN,5039,-4.2,-3.3,505,305,159,5.7,14,3097,19.0,24.9,982,-126.19,29,441,104,1942,4.4,37,0.375,5.1,289
2010,MIA,5170,-3.8,-2.8,557,335,189,5.9,17,3527,15.7,29.7,1040,-174.02,30,445,91,1643,3.7,31,0.438,5.0,300
2010,CLE,4635,-3.8,-3.4,478,296,154,5.8,13,2989,15.8,27.7,927,-169.65,31,413,87,1646,4.0,29,0.313,5.0,265
2010,CAR,4135,-13.3,-9.1,484,256,125,4.3,9,2289,17.8,20.8,962,-280.1,32,428,78,1846,4.3,37,0.125,4.3,225
2011,GNB,6482,12.6,11.5,552,376,230,8.3,51,4924,6.1,48.3,988,92.5,1,395,89,1558,3.9,14,0.938,6.6,353
2011,NOR,7474,13.0,10.6,662,472,280,7.8,46,5347,10.9,51.4,1117,165.64,2,431,116,2127,4.9,19,0.813,6.7,416
2011,NWE,6848,10.7,9.4,612,402,262,7.9,39,5084,8.3,47.2,1082,99.08,3,438,107,1764,4.0,17,0.813,6.3,399
2011,DET,6337,5.4,6.9,666,423,244,6.9,41,4814,10.7,37.6,1058,33.96,4,356,71,1523,4.3,23,0.625,6.0,349
2011,CAR,6237,-1.4,2.6,519,312,175,6.9,21,3829,12.8,38.5,999,39.94,5,445,139,2408,5.4,23,0.375,6.2,345
2011,SDG,6290,1.8,2.7,582,366,234,7.2,27,4426,16.3,41.3,1048,-30.34,6,436,97,1864,4.3,28,0.5,6.0,359
2011,ATL,6026,3.3,1.8,594,365,215,6.8,29,4192,10.7,37.4,1073,-22.37,7,453,100,1834,4.0,21,0.625,5.6,349
2011,PHI,6386,4.3,3.1,554,330,197,7.0,22,4110,17.9,34.7,1036,-37.96,8,450,134,2276,5.1,38,0.5,6.2,356
2011,NYG,6161,-0.4,3.1,589,359,216,7.7,29,4734,11.5,32.5,1028,-45.79,9,411,84,1427,3.5,24,0.563,6.0,331
2011,HTX,5954,6.4,1.4,467,288,176,7.0,20,3506,10.5,37.2,1046,-63.12,10,546,131,2448,4.5,20,0.625,5.7,321
2011,SFO,4974,9.4,1.7,451,277,150,5.9,18,2930,5.2,39.6,993,-152.56,11,498,101,2044,4.1,10,0.813,5.0,282
2011,RAV,5419,7.0,2.6,544,314,181,5.9,21,3423,11.8,35.5,1036,-72.94,12,459,98,1996,4.3,24,0.75,5.2,312
2011,NYJ,4989,0.9,1.2,547,310,173,5.6,26,3297,13.8,29.6,1030,-156.9,13,443,92,1692,3.8,34,0.5,4.8,301
2011,BUF,5624,-3.9,1.2,578,356,180,6.2,24,3703,15.9,31.2,992,-104.05,14,391,100,1921,4.9,30,0.375,5.7,313
2011,DAL,6008,1.4,0.7,570,376,219,6.9,33,4201,11.4,37.8,1017,-45.46,15,408,91,1807,4.4,21,0.5,5.9,327
2011,RAI,6072,-4.6,0.2,524,315,186,7.2,20,3962,15.5,34.7,1015,-151.03,16,466,110,2110,4.5,30,0.5,6.0,328
2011,CHI,5026,0.8,-1.5,473,268,153,5.8,18,3011,14.6,28.6,978,-192.92,17,456,97,2015,4.4,29,0.5,5.1,271
2011,CIN,5118,1.3,0.7,535,308,160,6.0,21,3340,9.6,32.5,1015,-104.83,18,455,93,1778,3.9,22,0.563,5.0,285
2011,MIN,5275,-6.8,-1.6,510,286,159,5.3,20,2957,13.2,31.7,1007,-77.5,19,448,118,2318,5.2,26,0.188,5.2,297
2011,MIA,5078,1.0,-2.2,469,280,166,5.9,20,3091,12.8,32.8,990,-126.5,20,469,89,1987,4.2,25,0.375,5.1,287
2011,OTI,5361,0.5,-2.2,584,353,185,6.5,22,3923,11.7,31.4,984,-77.3,21,376,71,1438,3.8,22,0.563,5.4,281
2011,PIT,5957,6.1,-0.8,539,341,221,7.0,21,4054,16.7,33.9,1015,-91.67,22,434,96,1903,4.4,28,0.75,5.9,341
2011,SEA,4861,0.4,-0.5,509,299,153,5.6,15,3105,11.6,27.8,1003,-137.47,23,444,89,1756,4.0,23,0.438,4.8,265
2011,CRD,5192,-2.3,-1.7,550,307,175,5.9,21,3567,15.6,26.1,993,-98.26,24,389,83,1625,4.2,32,0.5,5.2,286
2011,DEN,5066,-5.1,-3.6,429,217,130,5.2,20,2434,14.2,24.5,1017,-154.77,25,546,129,2632,4.8,30,0.5,5.0,286
2011,WAS,5387,-4.9,-4.3,591,346,204,6.0,19,3773,18.6,30.9,1032,-194.94,26,400,79,1614,4.0,35,0.313,5.2,312
2011,TAM,5108,-12.9,-4.0,588,365,180,5.9,17,3650,20.4,28.7,966,-185.87,27,346,74,1458,4.2,40,0.25,5.3,277
2011,JAX,4149,-5.4,-7.1,469,240,122,4.2,12,2179,11.3,22.7,1002,-229.23,28,489,103,1970,4.0,23,0.313,4.1,251
2011,CLT,4589,-11.7,-6.0,534,302,170,5.3,14,2995,15.6,24.2,951,-156.99,29,382,69,1594,4.2,29,0.125,4.8,258
2011,CLE,4621,-5.6,-7.2,570,320,173,5.1,16,3090,10.0,24.4,1024,-180.18,30,415,77,1531,3.7,19,0.25,4.5,278
2011,KAN,4973,-7.9,-10.2,500,299,163,5.8,13,3080,12.7,22.2,1021,-185.47,31,487,89,1893,3.9,28,0.438,4.9,277
2011,RAM,4537,-13.4,-8.4,549,292,159,4.8,9,2870,11.2,18.9,1013,-237.06,32,409,79,1667,4.1,23,0.125,4.5,267
2012,NWE,6846,14.1,12.2,641,402,256,7.0,34,4662,8.1,48.1,1191,118.97,1,523,151,2184,4.2,16,0.75,5.7,444
2012,DEN,6366,12.0,6.3,588,402,232,7.4,37,4534,12.2,39.9,1090,54.27,2,481,112,1832,3.8,25,0.813,5.8,380
2012,NOR,6574,0.4,6.5,671,423,267,7.2,43,4997,12.1,37.4,1067,74.33,3,370,64,1577,4.3,24,0.438,6.2,352
2012,WAS,6131,3.0,4.6,442,291,171,7.2,24,3422,7.7,39.3,994,-16.5,4,519,144,2709,5.2,14,0.625,6.2,341
2012,GNB,5751,6.1,4.9,558,374,213,6.6,40,4049,8.1,37.6,1042,25.77,5,433,85,1702,3.9,16,0.688,5.5,341
2012,NYG,5687,5.3,4.0,539,323,187,6.8,26,3825,11.9,43.8,968,-14.71,6,409,103,1862,4.6,21,0.563,5.9,327
2012,ATL,5906,7.5,2.0,615,422,247,7.0,32,4509,10.3,44.0,1021,-18.12,7,378,70,1397,3.7,18,0.813,5.8,343
2012,HTX,5953,5.3,1.8,554,354,205,6.6,22,3830,8.4,35.6,1090,-20.08,8,508,114,2123,4.2,17,0.75,5.5,341
2012,SEA,5610,10.4,4.5,405,259,153,6.9,27,3031,10.0,39.4,974,9.07,9,536,129,2579,4.8,18,0.688,5.8,311
2012,RAV,5640,3.4,1.9,560,334,182,6.3,22,3739,7.8,35.8,1042,22.03,10,444,98,1901,4.3,16,0.625,5.4,314
2012,SFO,5789,7.8,3.5,436,289,172,6.9,23,3298,7.9,39.3,969,-15.31,11,492,128,2491,5.1,16,0.719,6.0,322
2012,CIN,5323,4.4,1.2,540,335,173,6.1,28,3578,12.8,35.4,1016,-90.48,12,430,95,1745,4.1,26,0.625,5.2,292
2012,TAM,5820,-0.3,1.3,566,311,188,6.7,27,3983,10.9,35.2,1008,-32.9,13,416,89,1837,4.4,23,0.438,5.8,301
2012,MIN,5385,1.9,1.6,483,300,163,5.3,18,2751,12.6,37.9,1001,-59.9,14,486,113,2634,5.4,23,0.625,5.4,306
2012,DAL,5994,-1.5,1.4,658,434,237,6.8,29,4729,15.0,36.7,1049,-39.11,15,355,76,1265,3.6,29,0.5,5.7,338
2012,CHI,4969,6.1,1.0,485,287,163,5.7,21,2999,11.8,30.3,999,-115.17,16,470,99,1970,4.2,24,0.625,5.0,292
2012,DET,6540,-4.1,2.1,740,445,272,6.4,22,4927,15.2,36.0,1160,-59.66,17,391,84,1613,4.1,33,0.25,5.6,382
2012,CAR,5771,-0.4,-0.5,490,284,171,7.0,19,3683,10.3,32.6,988,2.08,18,462,123,2088,4.5,22,0.438,5.8,328
2012,CLT,5799,-1.9,-1.9,628,339,208,6.2,23,4128,13.9,33.3,1109,-73.11,19,440,110,1671,3.8,27,0.688,5.2,360
2012,SDG,4756,0.0,-2.0,528,338,184,5.7,26,3295,13.9,30.6,988,-125.47,20,411,81,1461,3.6,26,0.438,4.8,293
2012,BUF,5486,-5.7,-0.9,511,309,176,6.0,24,3269,17.4,30.0,983,-100.38,21,442,103,2217,5.0,34,0.375,5.6,301
2012,PIT,5324,1.4,-2.8,574,354,202,6.2,27,3787,15.6,33.9,1023,-108.05,22,412,80,1537,3.7,30,0.5,5.2,307
2012,OTI,5010,-8.8,-2.6,540,318,166,5.7,17,3323,14.9,27.7,957,-109.54,23,378,70,1687,4.5,28,0.375,5.2,260
2012,CLE,5028,-4.1,-4.6,566,328,185,5.7,16,3435,12.0,29.8,998,-139.68,24,396,71,1593,4.0,26,0.313,5.0,279
2012,RAM,5264,-3.1,-2.1,557,332,189,6.0,22,3550,11.0,27.5,1002,-136.28,25,410,79,1714,4.2,22,0.469,5.3,287
2012,RAI,5504,-9.6,-4.6,629,376,200,6.2,24,4084,12.8,31.4,1032,-118.39,26,376,72,1420,3.8,26,0.25,5.3,300
2012,MIA,4984,-1.8,-5.5,504,293,158,5.9,13,3182,12.9,27.4,981,-88.66,27,440,93,1802,4.1,26,0.438,5.1,288
2012,NYJ,4787,-5.9,-5.1,493,272,162,5.4,14,2891,17.5,24.2,1034,-166.55,28,494,102,1896,3.8,37,0.375,4.6,299
2012,PHI,5665,-10.3,-5.3,618,367,190,5.7,18,3791,17.9,29.9,1079,-174.47,29,413,111,1874,4.5,37,0.25,5.3,332
2012,JAX,4788,-11.8,-8.1,586,328,157,5.4,20,3419,12.8,25.5,994,-192.09,30,358,76,1369,3.8,26,0.125,4.8,269
2012,CRD,4209,-6.7,-4.8,608,337,168,4.5,11,3005,14.8,22.0,1018,-297.04,31,352,58,1204,3.4,34,0.313,4.1,246
2012,KAN,5108,-13.4,-10.3,475,273,144,5.3,8,2713,18.8,24.2,1015,-203.56,32,500,118,2395,4.8,37,0.125,5.0,286
2013,DEN,7317,12.9,14.1,675,461,293,7.8,55,5444,10.4,47.5,1156,277.21,1,461,107,1873,4.1,26,0.813,6.3,435
2013,CHI,6109,-2.1,3.0,579,373,215,7.0,32,4281,12.1,39.0,1013,75.28,2,404,102,1828,4.5,23,0.5,6.0,344
2013,NWE,6152,6.6,4.5,628,380,225,6.1,25,4087,10.0,40.8,1138,100.43,3,470,110,2065,4.4,20,0.75,5.4,378
2013,PHI,6676,3.8,2.3,508,310,197,7.4,32,4110,9.0,36.8,1054,134.05,4,500,133,2566,5.1,19,0.625,6.3,355
2013,DAL,5458,0.4,2.7,586,375,213,6.4,33,3954,9.8,39.9,957,88.89,5,336,80,1504,4.5,20,0.5,5.7,325
2013,CIN,5891,7.8,2.3,587,364,205,6.7,33,4136,14.9,32.3,1097,33.5,6,481,101,1755,3.6,30,0.688,5.4,330
2013,KAN,5396,7.8,1.7,546,333,179,5.7,24,3340,9.1,32.0,1029,38.85,7,442,110,2056,4.7,18,0.688,5.2,323
2013,GNB,6404,-0.7,0.5,570,366,201,6.9,25,4268,12.4,40.9,1074,113.82,8,459,119,2136,4.7,25,0.531,6.0,351
2013,SEA,5424,11.6,4.1,420,267,160,7.0,27,3236,9.3,40.7,973,60.55,9,509,116,2188,4.3,19,0.813,5.6,307
2013,NOR,6391,6.9,3.8,651,446,244,7.1,39,4918,8.3,40.3,1079,169.86,10,391,87,1473,3.8,19,0.688,5.9,359
2013,SFO,5180,8.4,3.5,417,244,148,6.5,21,2979,9.0,37.8,961,58.16,11,505,115,2201,4.4,18,0.75,5.4,286
2013,SDG,6293,3.0,0.5,544,378,230,7.5,32,4328,11.4,44.9,1060,186.29,12,486,104,1965,4.0,21,0.563,5.9,373
2013,DET,6274,1.2,-1.2,634,371,221,6.8,29,4482,17.3,32.1,1102,25.59,13,445,106,1792,4.0,34,0.438,5.7,350
2013,CLT,5468,3.4,1.7,582,350,191,6.1,23,3725,6.9,38.8,1023,98.0,14,409,88,1743,4.3,14,0.688,5.3,318
2013,MIN,5508,-5.6,0.2,546,325,173,5.8,18,3427,14.9,34.4,1013,24.52,15,423,106,2081,4.9,32,0.344,5.4,309
2013,CRD,5542,3.4,2.7,574,363,205,6.5,24,4002,15.5,33.0,1037,-5.74,16,422,84,1540,3.6,31,0.625,5.3,329
2013,PIT,5400,0.6,-0.9,586,377,207,6.4,28,4017,12.7,35.4,1023,26.81,17,394,81,1383,3.5,24,0.5,5.3,312
2013,CAR,5069,7.8,0.6,473,292,169,5.9,24,3043,9.4,36.5,999,90.4,18,483,122,2026,4.2,19,0.75,5.1,319
2013,OTI,5390,-1.2,-0.2,533,328,172,6.1,22,3496,11.4,34.2,1032,46.52,19,462,103,1894,4.1,25,0.438,5.2,311
2013,ATL,5490,-5.6,1.2,659,445,227,6.0,26,4243,14.5,34.1,1024,48.53,20,321,64,1247,3.9,28,0.25,5.4,330
2013,RAM,4877,-1.0,0.4,506,301,165,5.8,22,3125,11.4,31.5,968,-11.2,21,426,82,1752,4.1,21,0.438,5.0,282
2013,BUF,5410,-3.1,-1.3,522,299,149,5.4,16,3103,12.1,29.9,1116,-59.11,22,546,113,2307,4.2,27,0.375,4.8,301
2013,WAS,5915,-9.0,-3.9,611,355,198,5.7,20,3751,16.6,27.6,1107,-42.64,23,453,112,2164,4.8,34,0.188,5.3,329
2013,RAI,5340,-8.2,-3.8,519,298,168,5.9,17,3340,14.9,27.8,1000,-52.12,24,437,90,2000,4.6,31,0.25,5.3,275
2013,RAV,4918,-2.0,-5.0,619,363,189,5.4,19,3590,13.5,30.9,1090,-95.39,25,423,68,1328,3.1,29,0.5,4.5,295
2013,MIA,5007,-1.1,-2.9,594,357,205,5.5,24,3567,13.4,29.9,1001,-18.67,26,349,61,1440,4.1,26,0.5,5.0,278
2013,CLE,5423,-6.1,-4.8,681,379,200,5.5,26,4040,13.8,26.2,1078,-83.4,27,348,77,1383,4.0,29,0.25,5.0,301
2013,NYG,4920,-5.6,-6.2,567,325,176,5.9,18,3588,20.1,25.5,988,-106.96,28,381,77,1332,3.5,44,0.438,5.0,280
2013,NYJ,5090,-6.1,-4.7,480,266,154,5.6,13,2932,14.8,29.6,1020,-94.9,29,493,105,2158,4.4,29,0.5,5.0,280
2013,TAM,4432,-6.3,-2.9,514,291,157,5.0,22,2820,9.6,27.1,981,-79.47,30,420,75,1612,3.8,21,0.25,4.5,269
2013,HTX,5556,-9.5,-5.0,633,371,198,5.6,19,3813,14.9,25.9,1089,-85.06,31,414,90,1743,4.2,31,0.125,5.1,307
2013,JAX,4701,-12.6,-7.1,592,349,176,5.4,16,3441,13.8,23.6,1020,-130.11,32,378,71,1260,3.3,27,0.25,4.6,271
2014,GNB,6178,8.6,7.9,536,349,222,7.5,38,4261,7.1,46.7,1001,172.28,1,435,104,1917,4.4,13,0.75,6.2,356
2014,DEN,6446,8.0,9.2,607,399,227,7.5,40,4661,9.6,39.9,1067,140.4,2,443,98,1785,4.0,20,0.75,6.0,360
2014,PHI,6348,4.6,6.6,621,384,218,6.7,27,4356,17.2,36.9,1127,35.17,3,474,109,1992,4.2,36,0.625,5.6,356
2014,NWE,5848,9.7,7.5,609,392,228,6.5,34,4121,7.2,45.3,1073,181.12,4,438,96,1727,3.9,13,0.75,5.5,361
2014,DAL,6138,7.2,5.3,476,328,205,7.5,37,3784,12.8,43.6,1014,174.23,5,508,106,2354,4.6,25,0.75,6.1,342
2014,CLT,6506,5.6,5.2,661,410,251,7.1,42,4894,14.6,39.5,1105,83.73,6,415,80,1612,3.9,31,0.688,5.9,371
2014,PIT,6577,4.3,4.4,612,411,243,7.5,33,4825,11.5,41.4,1068,156.58,7,423,98,1752,4.1,21,0.688,6.2,379
2014,RAV,5838,6.7,1.8,554,344,194,6.7,27,3819,9.9,39.6,1021,135.24,8,448,113,2019,4.5,20,0.625,5.7,345
2014,NOR,6582,-1.4,1.9,659,456,258,6.9,33,4764,16.7,39.1,1095,151.45,9,406,101,1818,4.5,30,0.438,6.0,395
2014,SEA,6012,8.8,2.4,454,287,160,6.6,20,3250,6.9,40.6,1021,137.18,10,525,144,2762,5.3,14,0.75,5.9,328
2014,MIA,5601,0.9,2.9,595,394,226,5.8,27,3729,10.5,37.6,1040,74.78,11,399,99,1872,4.7,23,0.5,5.4,361
2014,ATL,6051,-2.3,0.6,632,418,233,6.9,28,4553,13.1,38.9,1035,61.55,12,372,75,1498,4.0,23,0.375,5.8,330
2014,NYG,5875,-1.3,0.8,607,383,218,6.7,30,4272,12.4,34.7,1086,40.61,13,449,83,1603,3.6,28,0.375,5.4,336
2014,HTX,5513,4.1,-0.8,485,295,171,6.6,22,3352,11.3,33.0,1062,13.01,14,551,108,2161,3.9,22,0.563,5.2,313
2014,CIN,5568,1.3,-0.5,503,323,164,6.5,20,3421,13.1,34.0,1018,13.84,15,492,122,2147,4.4,26,0.656,5.5,313
2014,KAN,5100,4.5,0.0,493,320,184,5.9,18,3182,9.2,35.8,962,52.61,16,420,92,1918,4.6,17,0.563,5.3,309
2014,SDG,5465,0.0,0.7,574,380,214,6.7,31,4098,12.6,33.9,1009,64.94,17,398,75,1367,3.4,23,0.563,5.4,326
2014,BUF,5096,3.4,-0.4,579,363,186,5.8,23,3614,11.2,32.5,1020,-43.33,18,402,65,1482,3.7,23,0.563,5.0,273
2014,CAR,5547,-2.2,-2.4,545,327,199,6.0,23,3511,11.8,34.8,1060,44.08,19,473,117,2036,4.3,23,0.469,5.2,347
2014,MIN,5048,-1.1,-2.8,517,322,171,5.7,17,3244,10.8,31.8,981,6.55,20,413,90,1804,4.4,20,0.438,5.1,288
2014,RAM,5035,-1.9,-1.2,515,327,189,6.0,20,3400,14.0,29.6,957,-44.13,21,395,79,1635,4.1,27,0.375,5.3,288
2014,DET,5452,2.4,-3.2,604,365,210,6.2,22,4030,9.5,32.4,1045,50.59,22,396,72,1422,3.6,20,0.688,5.2,310
2014,CHI,5233,-7.7,-2.0,609,396,194,5.8,30,3792,16.1,27.8,1005,-11.8,23,355,91,1441,4.1,29,0.313,5.2,322
2014,CRD,5116,0.7,-2.4,568,320,191,6.4,21,3808,9.4,30.9,993,-9.8,24,397,67,1308,3.3,17,0.688,5.2,302
2014,SFO,5239,-2.1,-3.0,487,292,165,5.7,20,3063,11.8,30.9,1009,13.79,25,470,104,2176,4.6,22,0.5,5.2,303
2014,WAS,5738,-8.6,-4.0,547,364,186,6.7,18,4047,15.6,29.7,1006,14.06,26,401,88,1691,4.2,31,0.25,5.7,318
2014,CLE,5193,-2.4,-4.8,502,274,179,6.5,12,3465,10.9,28.0,1010,-21.15,27,477,88,1728,3.6,23,0.438,5.1,294
2014,NYJ,5226,-7.4,-4.0,498,287,154,5.4,16,2946,11.8,31.7,1052,-44.92,28,507,112,2280,4.5,24,0.25,5.0,289
2014,TAM,4672,-8.3,-6.5,531,301,162,5.7,21,3297,17.2,26.7,936,-67.27,29,353,72,1375,3.9,33,0.125,5.0,263
2014,OTI,4859,-11.5,-7.0,513,299,159,6.1,20,3412,12.6,23.6,919,-88.85,30,356,75,1447,4.1,26,0.125,5.3,258
2014,RAI,4515,-12.4,-4.3,629,365,173,5.0,22,3275,13.6,22.7,994,-139.47,31,337,56,1240,3.7,29,0.188,4.5,248
2014,JAX,4634,-10.2,-7.8,557,325,154,4.8,15,3001,12.8,22.6,988,-120.53,32,360,86,1633,4.5,26,0.188,4.7,271
2015,CAR,5871,12.0,6.0,501,300,197,6.7,35,3589,9.6,42.9,1060,115.28,1,526,136,2282,4.3,19,0.938,5.5,357
2015,CRD,6533,11.0,9.0,562,353,237,7.8,35,4616,11.8,42.5,1041,148.43,2,452,92,1917,4.2,24,0.813,6.3,373
2015,NWE,5991,9.4,5.3,629,404,230,6.9,36,4587,5.7,43.2,1050,138.04,3,383,87,1404,3.7,14,0.75,5.7,348
2015,SEA,6058,9.1,5.4,489,333,190,7.1,34,3790,8.6,42.0,1035,129.31,4,500,128,2268,4.5,16,0.625,5.9,335
2015,PIT,6327,6.5,5.1,590,391,207,7.4,26,4603,13.7,40.5,1011,22.98,5,388,91,1724,4.4,28,0.625,6.3,331
2015,NYG,5956,-1.4,2.5,623,392,208,6.7,36,4347,11.3,38.2,1053,31.24,6,403,77,1609,4.0,21,0.375,5.7,331
2015,CIN,5728,8.8,4.8,505,334,191,7.3,31,3923,9.3,39.6,1004,82.59,7,467,99,1805,3.9,17,0.75,5.7,324
2015,NOR,6461,-4.3,1.1,667,460,247,7.1,32,4970,10.4,36.3,1096,146.68,8,397,98,1491,3.8,20,0.438,5.9,381
2015,KAN,5299,7.4,3.7,473,310,155,6.3,20,3255,7.1,37.9,955,41.53,9,436,116,2044,4.7,15,0.688,5.5,303
2015,WAS,5661,0.6,-0.2,555,386,208,7.0,30,4095,11.1,36.1,1011,54.93,10,429,81,1566,3.7,22,0.563,5.6,317
2015,NYJ,5925,4.6,-0.5,604,362,210,6.5,33,4057,11.6,35.7,1074,72.26,11,448,99,1868,4.2,24,0.625,5.5,329
2015,BUF,5775,1.3,0.3,465,295,155,6.6,23,3343,8.6,34.9,1016,37.71,12,509,122,2432,4.8,19,0.5,5.7,297
2015,PHI,5830,-3.3,-0.6,623,405,193,6.2,23,4087,15.3,29.1,1102,1.07,13,442,110,1743,3.9,31,0.438,5.3,339
2015,JAX,5581,-4.5,-0.7,607,355,215,6.2,35,4108,14.0,34.2,1012,-28.13,14,354,69,1473,4.2,28,0.313,5.5,313
2015,GNB,5353,2.8,2.0,573,348,173,5.7,31,3503,8.9,33.3,1056,40.61,15,436,100,1850,4.2,17,0.625,5.1,317
2015,MIN,5139,3.9,1.1,454,294,153,5.9,14,2928,9.3,38.4,973,29.39,16,474,113,2211,4.7,17,0.688,5.3,297
2015,RAI,5336,-2.5,1.4,605,373,193,6.1,34,3879,10.3,31.8,1008,4.72,17,370,74,1457,3.9,24,0.438,5.3,300
2015,DET,5547,-2.6,1.0,632,420,236,6.2,33,4212,12.3,34.6,1030,31.8,18,354,71,1335,3.8,24,0.438,5.4,337
2015,DEN,5688,3.7,0.3,606,368,201,6.2,19,3970,15.1,31.2,1056,-50.98,19,411,85,1718,4.2,31,0.75,5.4,314
2015,TAM,6014,-4.7,-3.5,535,312,201,6.9,22,3852,14.8,35.8,1017,40.62,20,455,99,2162,4.8,28,0.375,5.9,336
2015,ATL,5985,-0.4,-4.0,621,410,230,6.7,21,4379,17.2,34.5,1073,52.68,21,420,95,1606,3.8,30,0.5,5.6,359
2015,HTX,5564,1.6,-3.3,619,358,210,5.9,29,3833,9.8,28.9,1127,-38.02,22,472,90,1731,3.7,20,0.563,4.9,335
2015,CHI,5517,-3.9,-0.1,523,334,177,6.6,21,3663,11.2,37.4,1025,8.41,23,468,108,1854,4.0,21,0.375,5.4,312
2015,CLT,5142,-4.7,-3.1,619,355,195,5.6,26,3704,14.4,29.4,1052,-51.38,24,396,77,1438,3.6,30,0.5,4.9,311
2015,RAV,5749,-4.6,-0.7,676,426,211,6.1,21,4271,14.0,33.3,1083,-47.16,25,383,89,1478,3.9,28,0.313,5.3,323
2015,SDG,5949,-4.9,-1.5,667,442,230,6.5,30,4591,12.4,33.7,1100,10.76,26,393,79,1358,3.5,24,0.25,5.4,344
2015,MIA,5307,-4.9,-4.7,588,365,194,6.0,24,3811,9.6,25.7,977,-4.88,27,344,72,1496,4.3,19,0.375,5.4,291
2015,OTI,4988,-7.8,-5.9,551,342,195,5.8,25,3503,16.2,25.7,976,-89.79,28,371,66,1485,4.0,33,0.188,5.1,298
2015,RAM,4761,-3.1,-3.8,473,273,126,5.7,11,2805,10.2,24.5,920,-87.66,29,429,92,1956,4.6,22,0.438,5.2,241
2015,CLE,5311,-9.6,-3.2,609,371,192,5.7,20,3782,15.2,29.8,1042,-66.22,30,380,81,1529,4.0,30,0.188,5.1,307
2015,DAL,5361,-6.2,-7.0,528,334,175,6.2,16,3471,18.0,31.4,969,-51.92,31,408,94,1890,4.6,33,0.25,5.5,307
2015,SFO,4860,-9.3,-6.0,526,322,154,5.7,16,3316,8.2,25.8,969,-46.9,32,390,83,1544,4.0,17,0.313,5.0,261
2016,ATL,6653,8.4,10.5,537,374,239,8.2,38,4725,6.3,52.6,995,212.07,1,421,108,1928,4.6,11,0.688,6.7,379
2016,NOR,6816,0.9,6.8,674,472,265,7.2,38,5074,12.7,45.9,1105,76.86,2,404,105,1742,4.3,24,0.438,6.2,395
2016,NWE,6180,11.9,4.3,550,368,203,7.5,32,4308,4.9,42.9,1056,113.38,3,482,109,1872,3.9,11,0.875,5.9,351
2016,GNB,5900,2.8,4.9,620,403,222,6.4,40,4199,9.1,43.8,1029,115.16,4,374,91,1701,4.5,17,0.625,5.7,349
2016,DAL,6027,7.2,4.1,483,325,191,7.1,25,3631,8.7,43.9,1010,86.3,5,499,142,2396,4.8,15,0.813,6.0,358
2016,CRD,5868,3.5,2.4,646,383,229,6.0,28,4136,14.2,35.0,1086,-25.79,6,399,97,1732,4.3,28,0.469,5.4,368
2016,RAI,5973,1.9,3.5,596,379,198,6.6,29,4051,7.2,38.7,1048,-24.48,7,434,98,1922,4.4,14,0.75,5.7,333
2016,CLT,5830,1.2,3.1,584,370,220,6.7,32,4202,12.2,40.6,1037,68.23,8,409,93,1628,4.0,22,0.5,5.6,351
2016,SDG,5708,-0.8,3.0,580,349,214,6.8,33,4198,18.2,38.1,1014,-29.1,9,398,90,1510,3.8,35,0.313,5.6,340
2016,BUF,5666,1.3,1.8,474,286,155,5.8,17,3036,6.8,36.7,1012,60.85,10,492,146,2630,5.3,12,0.438,5.6,328
2016,PIT,5962,4.5,2.8,596,381,210,6.8,33,4202,9.9,38.5,1026,-22.48,11,409,97,1760,4.3,18,0.688,5.8,336
2016,WAS,6454,0.8,3.3,607,407,226,7.6,25,4758,11.4,43.4,1009,105.24,12,379,89,1696,4.5,21,0.531,6.4,345
2016,KAN,5488,4.9,1.2,546,365,197,6.5,19,3740,9.0,37.1,990,-23.04,13,412,86,1748,4.2,17,0.75,5.5,305
2016,OTI,5728,0.2,0.7,504,307,175,6.7,29,3541,9.8,36.4,1008,-10.0,14,476,115,2187,4.6,18,0.563,5.7,322
2016,CAR,5499,-2.1,-0.2,563,306,194,6.2,21,3685,14.0,34.7,1052,-81.23,15,453,99,1814,4.0,29,0.375,5.2,318
2016,PHI,5398,2.3,1.3,609,380,192,5.6,16,3585,11.2,37.6,1080,-45.33,16,438,114,1813,4.1,20,0.438,5.0,333
2016,MIA,5324,-1.1,-0.6,477,316,167,6.9,27,3500,11.1,30.7,913,-48.39,17,406,90,1824,4.5,23,0.625,5.8,278
2016,SEA,5715,3.9,-2.4,567,368,203,6.8,23,4124,9.7,37.3,1012,-11.48,18,403,85,1591,3.9,18,0.656,5.6,313
2016,TAM,5542,-0.9,-1.5,578,355,220,6.4,29,3926,14.8,32.4,1066,-33.29,19,453,80,1616,3.6,27,0.563,5.2,340
2016,DET,5421,-0.8,-1.3,594,388,217,6.5,24,4111,9.0,41.0,981,30.86,20,350,76,1310,3.7,15,0.563,5.5,329
2016,RAV,5563,1.4,-1.1,679,439,205,5.8,20,4100,10.5,35.6,1079,-86.39,21,367,79,1463,4.0,23,0.5,5.2,316
2016,DEN,5169,2.3,-2.0,570,339,181,6.0,20,3685,11.6,30.3,1020,-94.99,22,410,76,1484,3.6,25,0.563,5.1,290
2016,MIN,5041,1.3,-2.6,588,414,209,6.1,20,3836,7.5,32.8,1006,-60.91,23,380,66,1205,3.2,16,0.5,5.0,303
2016,CIN,5711,0.6,-1.5,563,364,204,6.5,18,3942,8.5,35.8,1050,30.41,24,446,100,1769,4.0,17,0.406,5.4,341
2016,JAX,5359,-5.1,-2.7,626,369,207,5.6,24,3728,13.6,31.4,1052,-67.5,25,392,75,1631,4.2,29,0.188,5.1,321
2016,NYG,5291,1.6,-3.2,598,377,190,6.3,26,3879,13.0,27.5,1018,-74.19,26,398,73,1412,3.5,27,0.688,5.2,289
2016,SFO,4930,-10.7,-3.7,491,287,152,5.4,21,2911,10.7,27.4,996,-75.71,27,458,116,2019,4.4,25,0.125,4.9,287
2016,HTX,5035,-3.1,-5.3,583,347,173,5.2,15,3176,11.4,31.4,1071,-102.3,28,456,102,1859,4.1,24,0.563,4.7,305
2016,CHI,5704,-7.5,-5.2,559,347,212,6.8,19,3969,17.4,27.3,967,-70.06,29,380,93,1735,4.6,31,0.188,5.9,324
2016,NYJ,5268,-8.4,-5.5,550,311,166,5.9,16,3466,17.8,29.7,1003,-79.69,30,418,97,1802,4.3,34,0.313,5.3,291
2016,CLE,4976,-11.8,-5.2,567,338,181,5.2,15,3264,13.3,27.2,983,-72.41,31,350,83,1712,4.9,25,0.063,5.1,296
2016,RAM,4203,-10.6,-9.5,536,312,151,5.0,14,2951,14.5,21.8,960,-190.35,32,375,68,1252,3.3,29,0.25,4.4,245
2017,RAM,5784,9.3,8.2,518,320,185,7.0,28,3831,9.5,45.3,1000,-43.18,1,454,97,1953,4.3,21,0.688,5.8,311
2017,NWE,6307,10.1,6.3,587,389,232,7.1,32,4418,6.9,49.4,1070,114.84,2,448,107,1889,4.2,12,0.813,5.9,389
2017,PHI,5852,10.1,7.0,564,341,193,6.2,38,3737,9.4,40.3,1073,21.06,3,473,108,2115,4.5,20,0.813,5.5,338
2017,NOR,6259,7.6,7.0,536,386,201,7.5,23,4189,9.1,44.6,1000,7.38,4,444,111,2070,4.7,18,0.688,6.3,332
2017,JAX,5855,9.3,3.0,527,316,193,6.5,21,3593,11.1,34.7,1078,-36.01,5,527,101,2262,4.3,23,0.625,5.4,332
2017,KAN,6007,4.8,3.8,543,363,198,7.1,26,4104,6.3,44.9,985,-22.58,6,405,95,1903,4.7,11,0.625,6.1,322
2017,DET,5404,2.1,5.2,570,374,210,6.8,29,4183,11.9,37.3,980,-93.68,7,363,58,1221,3.4,22,0.563,5.5,296
2017,PIT,6047,6.1,3.2,590,384,217,7.1,29,4380,10.6,43.0,1051,-32.55,8,437,96,1667,3.8,20,0.813,5.8,348
2017,RAV,4886,5.8,2.2,567,363,168,5.1,20,3030,8.9,36.5,1054,-132.06,9,460,111,1856,4.0,17,0.563,4.6,311
2017,MIN,5710,8.1,2.3,527,357,196,6.8,25,3753,7.6,38.9,1055,-54.08,10,501,100,1957,3.9,14,0.813,5.4,334
2017,SEA,5286,2.1,0.7,555,340,183,6.1,34,3657,8.6,30.5,1007,-78.12,11,409,85,1629,4.0,17,0.563,5.2,299
2017,CAR,5179,2.3,1.7,501,293,167,5.7,22,3077,11.7,37.4,1026,-100.34,12,490,121,2102,4.3,22,0.688,5.0,320
2017,SDG,6026,5.2,-0.3,583,366,220,7.4,28,4431,8.5,33.3,1020,-17.69,13,419,84,1595,3.8,15,0.563,5.9,337
2017,DAL,5311,1.4,0.4,493,309,162,6.0,22,3141,11.1,36.3,1005,-40.65,14,480,127,2170,4.5,22,0.563,5.3,314
2017,ATL,5837,2.4,1.1,530,343,200,7.2,21,3990,10.3,41.2,984,-46.05,15,430,101,1847,4.3,18,0.625,5.9,330
2017,WAS,5199,-2.9,0.5,540,347,191,6.5,27,3751,12.6,31.9,982,-95.51,16,401,66,1448,3.6,27,0.438,5.3,278
2017,HTX,5120,-6.1,-0.8,525,299,180,5.7,28,3278,14.6,29.2,1027,-78.81,17,448,86,1842,4.1,28,0.25,5.0,313
2017,TAM,5814,-2.9,0.4,605,378,243,6.8,26,4366,15.4,33.7,1035,-52.32,18,390,76,1448,3.7,27,0.313,5.6,352
2017,OTI,5024,-1.4,-2.0,496,306,157,6.0,14,3191,12.6,35.1,974,-134.32,19,443,97,1833,4.1,25,0.563,5.2,290
2017,SFO,5587,-3.3,-0.8,607,362,206,6.0,15,3925,12.0,37.5,1058,-173.95,20,408,88,1662,4.1,23,0.375,5.3,321
2017,GNB,4891,-4.0,-0.3,562,352,176,5.2,25,3167,13.2,30.5,999,-61.83,21,386,99,1724,4.5,25,0.438,4.9,307
2017,BUF,4842,-3.6,-3.0,476,289,149,5.4,16,2825,8.9,31.7,1010,-156.16,22,487,105,2017,4.1,16,0.563,4.8,278
2017,RAI,5185,-4.5,-3.0,558,347,178,6.2,23,3631,15.2,29.2,952,-84.71,23,370,78,1554,4.2,28,0.375,5.4,287
2017,NYJ,4884,-5.3,-2.9,510,323,157,5.7,19,3182,11.1,28.6,984,-119.83,24,427,77,1702,4.0,24,0.313,5.0,269
2017,CRD,5026,-4.1,-4.0,598,339,200,5.6,21,3640,12.4,29.2,1060,-185.97,25,410,66,1386,3.4,25,0.5,4.7,310
2017,CIN,4488,-3.7,-4.1,510,304,165,5.7,25,3122,11.4,26.5,927,-108.45,26,377,72,1366,3.6,23,0.438,4.8,267
2017,DEN,5185,-5.8,-3.9,566,332,180,5.4,19,3333,16.6,26.4,1075,-165.14,27,457,92,1852,4.1,34,0.313,4.8,297
2017,MIA,4923,-7.0,-3.9,602,373,187,5.6,24,3535,15.3,25.8,995,-156.17,28,360,66,1388,3.9,29,0.375,4.9,284
2017,CHI,4599,-3.5,-4.6,473,291,144,5.5,13,2811,12.1,24.1,934,-115.2,29,422,92,1788,4.2,22,0.313,4.9,266
2017,CLT,4553,-8.8,-6.1,487,285,148,5.3,13,2892,8.3,29.4,994,-189.77,30,451,94,1661,3.7,15,0.25,4.6,267
2017,NYG,5028,-8.9,-6.4,608,373,178,5.4,20,3479,11.3,22.7,1036,-167.56,31,394,66,1549,3.9,22,0.188,4.9,271
2017,CLE,4942,-11.0,-6.8,574,312,157,5.2,15,3228,21.0,22.0,1008,-233.13,32,384,97,1714,4.5,41,0.0,4.9,290
2018,KAN,6810,9.0,12.6,583,385,239,8.1,50,4955,10.5,52.6,996,298.14,1,387,108,1855,4.8,18,0.75,6.8,384
2018,RAM,6738,8.9,9.5,568,368,236,7.5,32,4507,9.8,48.6,1060,239.79,2,459,134,2231,4.9,19,0.813,6.4,401
2018,NOR,6067,9.4,7.9,519,381,210,7.5,33,4042,9.5,51.8,1010,237.73,3,471,134,2025,4.3,16,0.813,6.0,377
2018,NWE,6295,6.9,3.1,574,378,206,7.2,29,4258,9.2,40.8,1073,190.96,4,478,131,2037,4.3,18,0.688,5.9,365
2018,CLT,6179,5.6,3.9,644,432,237,6.7,39,4461,13.2,41.2,1070,140.47,5,408,96,1718,4.2,24,0.625,5.8,371
2018,SEA,5653,5.1,3.0,427,280,156,6.5,35,3093,6.1,39.8,1012,128.78,6,534,133,2560,4.8,11,0.625,5.6,329
2018,SDG,5962,6.2,3.0,512,348,213,7.5,32,4089,10.0,42.4,945,170.19,7,399,100,1873,4.7,19,0.75,6.3,338
2018,PIT,6453,4.3,3.9,689,459,251,7.0,35,5008,14.3,36.8,1058,156.16,8,345,88,1445,4.2,26,0.594,6.1,378
2018,CHI,5502,8.6,1.5,512,344,177,6.5,28,3564,13.2,36.8,1013,96.31,9,468,108,1938,4.1,24,0.75,5.4,331
2018,ATL,6226,-0.6,2.5,617,428,238,7.1,36,4653,10.7,42.9,1010,155.08,10,351,84,1573,4.5,18,0.438,6.2,352
2018,HTX,5802,5.4,2.4,506,345,202,6.7,26,3781,8.1,40.3,1040,84.1,11,472,94,2021,4.3,16,0.688,5.6,333
2018,TAM,6648,-4.3,2.0,625,408,265,7.7,36,5125,19.0,37.0,1055,121.14,12,389,80,1523,3.9,35,0.313,6.3,388
2018,RAV,5999,6.4,0.6,556,334,184,6.1,18,3558,10.7,40.7,1135,72.85,13,547,153,2441,4.5,20,0.625,5.3,367
2018,GNB,5905,-1.5,0.0,640,392,208,6.1,25,4238,6.7,38.8,1026,108.88,14,333,98,1667,5.0,15,0.406,5.8,332
2018,CAR,5972,-0.4,0.1,563,378,212,6.4,28,3836,12.1,37.0,1011,117.24,15,416,117,2136,5.1,22,0.438,5.9,356
2018,NYG,5697,-2.7,0.8,583,382,208,6.4,23,4047,9.6,38.4,984,70.53,16,354,71,1650,4.7,19,0.313,5.8,297
2018,CIN,4972,-5.4,0.0,542,331,182,5.7,27,3290,9.6,35.5,938,47.57,17,359,92,1682,4.7,17,0.375,5.3,304
2018,PHI,5845,1.2,0.0,599,422,221,6.7,29,4275,12.5,38.1,1037,91.97,18,398,94,1570,3.9,23,0.563,5.6,346
2018,MIN,5529,1.2,-1.2,606,425,218,6.2,30,4036,10.6,32.4,1003,7.47,19,357,66,1493,4.2,20,0.531,5.5,310
2018,CLE,5900,-2.1,-1.0,574,353,189,6.5,29,4007,11.4,31.2,1023,36.91,20,411,93,1893,4.6,24,0.469,5.8,314
2018,SFO,5769,-5.8,-2.5,532,331,201,6.7,26,3867,17.1,37.0,1003,20.95,21,423,98,1902,4.5,32,0.25,5.8,344
2018,DAL,5501,0.9,-1.9,527,356,184,6.1,22,3538,10.1,37.9,1022,83.04,22,439,113,1963,4.5,17,0.625,5.4,322
2018,NYJ,4787,-6.8,-2.0,524,299,157,5.6,18,3165,14.7,32.0,971,-97.45,23,410,84,1622,4.0,30,0.25,4.9,258
2018,DEN,5602,-1.3,-3.6,588,367,181,5.9,19,3695,11.3,30.6,1015,24.23,24,393,107,1907,4.9,21,0.375,5.5,320
2018,DET,5236,-2.3,-3.3,574,375,201,5.8,22,3576,11.0,35.3,1019,39.87,25,404,91,1660,4.1,19,0.375,5.1,325
2018,MIA,4638,-7.1,-3.6,455,292,153,5.7,26,2900,12.5,28.3,878,-40.39,26,371,75,1738,4.7,23,0.438,5.3,252
2018,OTI,5002,0.4,-3.2,437,293,156,6.1,16,2975,10.2,34.9,940,10.48,27,456,106,2027,4.4,18,0.563,5.3,289
2018,RAI,5379,-11.1,-5.2,556,382,197,6.2,19,3751,13.6,31.3,995,-17.92,28,387,86,1628,4.2,24,0.25,5.4,300
2018,WAS,4795,-4.9,-5.6,509,311,156,5.5,16,3021,11.2,31.8,967,-34.07,29,414,96,1774,4.3,19,0.438,5.0,280
2018,BUF,4778,-6.6,-6.3,499,271,137,5.2,13,2794,15.5,26.4,1008,-104.81,30,468,108,1984,4.2,32,0.375,4.7,283
2018,JAX,4832,-4.4,-8.1,536,329,164,5.3,15,3109,15.6,25.0,1005,-98.17,31,416,92,1723,4.1,29,0.313,4.8,277
2018,CRD,3865,-12.5,-9.6,495,283,137,4.6,15,2523,15.0,19.3,902,-155.06,32,355,76,1342,3.8,28,0.188,4.3,239
2019,RAV,6521,15.6,11.0,440,289,171,6.9,37,3225,8.4,51.8,1064,239.99,1,596,188,3296,5.5,15,0.875,6.1,386
2019,SFO,6097,10.6,6.7,478,331,195,7.4,28,3792,12.0,44.3,1012,140.39,2,498,110,2305,4.6,23,0.813,6.0,336
2019,TAM,6366,0.6,4.9,630,382,244,7.2,33,4845,20.2,37.9,1086,37.0,3,409,81,1521,3.7,41,0.438,5.9,353
2019,NOR,5982,7.3,5.0,581,418,230,7.0,36,4244,4.0,46.2,1011,163.04,4,405,97,1738,4.3,8,0.813,5.9,347
2019,KAN,6067,8.9,6.2,576,378,211,7.5,30,4498,7.9,48.8,976,263.38,5,375,93,1569,4.2,15,0.75,6.2,350
2019,DAL,6904,7.1,3.8,597,388,229,7.7,30,4751,10.3,44.6,1069,210.77,6,449,120,2153,4.8,18,0.5,6.5,379
2019,NWE,5664,12.2,2.8,620,378,197,6.1,25,3961,7.4,36.3,1095,34.62,7,447,110,1703,3.8,15,0.75,5.2,338
2019,MIN,5656,6.5,2.5,466,319,171,7.1,26,3523,10.4,41.6,970,98.01,8,476,106,2133,4.5,20,0.625,5.8,314
2019,SEA,5991,0.4,2.9,517,341,190,6.7,31,3791,10.6,36.5,1046,86.55,9,481,121,2200,4.6,20,0.688,5.7,341
2019,OTI,5805,4.4,1.8,448,297,177,7.1,29,3582,8.6,31.4,949,115.88,10,445,104,2223,5.0,17,0.563,6.1,317
2019,RAM,5998,1.9,2.2,632,397,222,6.9,22,4499,13.0,35.7,1055,37.09,11,401,92,1499,3.7,24,0.563,5.7,342
2019,PHI,5772,1.9,0.7,613,391,215,5.9,27,3833,10.7,34.8,1104,59.85,12,454,104,1939,4.3,23,0.563,5.2,354
2019,ATL,6075,-1.1,0.3,684,459,258,6.4,29,4714,13.2,40.8,1096,95.51,13,362,84,1361,3.8,25,0.438,5.5,383
2019,HTX,5792,-0.4,1.0,534,355,203,6.5,27,3783,12.4,37.9,1017,118.67,14,434,112,2009,4.6,22,0.625,5.7,346
2019,GNB,5528,3.9,0.6,573,356,190,6.1,26,3733,6.8,37.3,1020,113.4,15,411,90,1795,4.4,13,0.813,5.4,320
2019,CRD,5467,-5.1,-0.3,554,355,176,5.8,20,3477,10.1,38.8,1000,64.36,16,396,109,1990,5.0,18,0.344,5.5,314
2019,CLT,5238,-0.8,-1.0,513,307,165,5.7,22,3108,11.3,36.3,1016,74.8,17,471,131,2130,4.5,21,0.438,5.2,340
2019,DET,5549,-5.1,-1.2,571,344,196,6.4,28,3900,12.0,33.3,1021,31.07,18,407,82,1649,4.1,23,0.219,5.4,313
2019,NYG,5416,-6.9,-1.8,607,376,187,5.7,30,3731,17.8,28.6,1012,-10.3,19,362,89,1685,4.7,33,0.25,5.4,311
2019,CAR,5469,-8.1,-1.9,633,382,230,5.3,17,3650,16.7,32.3,1077,-28.07,20,386,82,1819,4.7,35,0.313,5.1,335
2019,SDG,5879,-0.5,-1.6,597,394,220,7.0,24,4426,18.1,38.8,997,82.43,21,366,90,1453,4.0,31,0.313,5.9,349
2019,CLE,5455,-3.6,-0.4,539,318,180,6.1,22,3554,14.8,33.9,973,13.54,22,393,90,1901,4.8,28,0.375,5.6,305
2019,BUF,5283,3.4,-3.5,513,299,162,5.8,21,3229,10.2,30.1,1018,6.66,23,465,120,2054,4.4,19,0.625,5.2,314
2019,RAI,5819,-6.6,-2.5,523,367,194,7.1,22,3926,9.7,32.7,989,79.57,24,437,104,1893,4.3,17,0.438,5.9,315
2019,MIA,4960,-11.8,-2.4,615,371,210,5.7,22,3804,13.7,30.2,1022,-28.85,25,349,64,1156,3.3,26,0.313,4.9,315
2019,JAX,5468,-6.1,-4.6,589,364,183,6.0,24,3760,10.2,33.9,1020,-23.15,26,389,85,1708,4.4,20,0.375,5.4,298
2019,PIT,4428,-0.9,-4.3,510,315,147,5.5,18,2981,16.0,28.9,937,-85.56,27,395,75,1447,3.7,30,0.5,4.7,265
2019,DEN,4777,-2.1,-4.8,504,312,162,5.7,16,3115,9.2,32.4,954,-14.61,28,409,77,1662,4.1,16,0.438,5.0,279
2019,CHI,4749,-1.1,-5.4,580,371,178,5.3,20,3291,10.3,29.1,1020,-41.05,29,395,85,1458,3.7,19,0.5,4.7,297
2019,CIN,5169,-8.8,-4.4,616,356,191,5.5,18,3652,15.5,29.8,1049,-60.73,30,385,85,1517,3.9,30,0.125,4.9,312
2019,NYJ,4368,-5.2,-5.7,521,323,162,5.4,19,3111,11.6,23.3,956,-112.92,31,383,61,1257,3.3,25,0.438,4.6,253
2019,WAS,4395,-10.6,-6.3,479,298,154,5.3,18,2812,11.9,29.5,885,-88.3,32,356,74,1583,4.4,21,0.188,5.0,248
